This page holds some of the community-contributed conversions for the [[Overture Maps|Overture]] schema <code>places</code> layer. The full schema is described [https://github.com/OvertureMaps/schema/blob/main/task-force-docs/places/overture_categories.csv here]. Check out the [[overturetoosm|overturetoosm]] Python package for a way to quickly parse Overture data. The following are top-level tags for POIs in Overture:
{| class="wikitable" id="mapping_table"
!Overture!!OSM
|-
|eat_and_drink||{{tag|amenity|restaurant}}
|-
|restaurant||{{tag|amenity|restaurant}}
|-
|afghan_restaurant||{{tag|amenity|restaurant}} {{tag|cuisine|afghan}}
|-
|african_restaurant||{{tag|amenity|restaurant}} {{tag|cuisine|african}}
|-
|ethiopian_restaurant||{{tag|amenity|restaurant}} {{tag|cuisine|ethiopian}}
|-
|senegalese_restaurant||{{tag|amenity|restaurant}} {{tag|cuisine|senegalese}}
|-
|south_african_restaurant||{{tag|amenity|restaurant}} {{tag|cuisine|south_african}}
|-
|moroccan_restaurant||{{tag|amenity|restaurant}} {{tag|cuisine|moroccan}}
|-
|nigerian_restaurant||{{tag|amenity|restaurant}} {{tag|cuisine|nigerian}}
|-
|american_restaurant||{{tag|amenity|restaurant}} {{tag|cuisine|american}}
|-
|arabian_restaurant||{{tag|amenity|restaurant}} {{tag|cuisine|arab}}
|-
|belgian_restaurant||{{tag|amenity|restaurant}} {{tag|cuisine|belgian}}
|-
|latin_american_restaurant||{{tag|amenity|restaurant}} {{tag|cuisine|latin_american}}
|-
|argentine_restaurant||{{tag|amenity|restaurant}} {{tag|cuisine|argentinian}}
|-
|belizean_restaurant||{{tag|amenity|restaurant}} {{tag|cuisine|belizean}}
|-
|bolivian_restaurant||{{tag|amenity|restaurant}} {{tag|cuisine|bolivian}}
|-
|brazilian_restaurant||{{tag|amenity|restaurant}} {{tag|cuisine|brazilian}}
|-
|chilean_restaurant||{{tag|amenity|restaurant}} {{tag|cuisine|chilean}}
|-
|colombian_restaurant||{{tag|amenity|restaurant}} {{tag|cuisine|colombian}}
|-
|costa_rican_restaurant||{{tag|amenity|restaurant}} {{tag|cuisine|costa_rican}}
|-
|cuban_restaurant||{{tag|amenity|restaurant}} {{tag|cuisine|cuban}}
|-
|ecuadorian_restaurant||{{tag|amenity|restaurant}} {{tag|cuisine|ecuadorian}}
|-
|guatemalan_restaurant||{{tag|amenity|restaurant}} {{tag|cuisine|guatemalan}}
|-
|honduran_restaurant||{{tag|amenity|restaurant}} {{tag|cuisine|honduran}}
|-
|mexican_restaurant||{{tag|amenity|restaurant}} {{tag|cuisine|mexican}}
|-
|nicaraguan_restaurant||{{tag|amenity|restaurant}} {{tag|cuisine|nicaraguan}}
|-
|panamanian_restaurant||{{tag|amenity|restaurant}} {{tag|cuisine|panamanian}}
|-
|paraguayan_restaurant||{{tag|amenity|restaurant}} {{tag|cuisine|paraguayan}}
|-
|peruvian_restaurant||{{tag|amenity|restaurant}} {{tag|cuisine|peruvian}}
|-
|puerto_rican_restaurant||{{tag|amenity|restaurant}} {{tag|cuisine|puerto_rican}}
|-
|salvadoran_restaurant||{{tag|amenity|restaurant}} {{tag|cuisine|el_salvador}}
|-
|texmex_restaurant||{{tag|amenity|restaurant}} {{tag|cuisine|tex-mex}}
|-
|uruguayan_restaurant||{{tag|amenity|restaurant}} {{tag|cuisine|uruguayan}}
|-
|venezuelan_restaurant||{{tag|amenity|restaurant}} {{tag|cuisine|venezuelan}}
|-
|middle_eastern_restaurant||{{tag|amenity|restaurant}} {{tag|cuisine|middle_eastern}}
|-
|armenian_restaurant||{{tag|amenity|restaurant}} {{tag|cuisine|armenian}}
|-
|azerbaijani_restaurant||{{tag|amenity|restaurant}} {{tag|cuisine|azerbaijani}}
|-
|egyptian_restaurant||{{tag|amenity|restaurant}} {{tag|cuisine|egyptian}}
|-
|georgian_restaurant||{{tag|amenity|restaurant}} {{tag|cuisine|georgian}}
|-
|israeli_restaurant||{{tag|amenity|restaurant}} {{tag|cuisine|israeli}}
|-
|kofta_restaurant||{{tag|amenity|restaurant}} {{tag|cuisine|kofta}}
|-
|kurdish_restaurant||{{tag|amenity|restaurant}} {{tag|cuisine|kurdish}}
|-
|lebanese_restaurant||{{tag|amenity|restaurant}} {{tag|cuisine|lebanese}}
|-
|persian_iranian_restaurant||{{tag|amenity|restaurant}} {{tag|cuisine|persian}}
|-
|syrian_restaurant||{{tag|amenity|restaurant}} {{tag|cuisine|syrian}}
|-
|turkish_restaurant||{{tag|amenity|restaurant}} {{tag|cuisine|turkish}}
|-
|asian_restaurant||{{tag|amenity|restaurant}} {{tag|cuisine|asian}}
|-
|asian_fusion_restaurant||{{tag|amenity|restaurant}} {{tag|cuisine|asian_fusion}}
|-
|pan_asian_restaurant||{{tag|amenity|restaurant}} {{tag|cuisine|pan_asian}}
|-
|burmese_restaurant||{{tag|amenity|restaurant}} {{tag|cuisine|burmese}}
|-
|cambodian_restaurant||{{tag|amenity|restaurant}} {{tag|cuisine|cambodian}}
|-
|chinese_restaurant||{{tag|amenity|restaurant}} {{tag|cuisine|chinese}}
|-
|dim_sum_restaurant||{{tag|amenity|restaurant}} {{tag|cuisine|dim_sum}}
|-
|filipino_restaurant||{{tag|amenity|restaurant}} {{tag|cuisine|filipino}}
|-
|indo_chinese_restaurant||{{tag|amenity|restaurant}} {{tag|cuisine|indo_chinese}}
|-
|indonesian_restaurant||{{tag|amenity|restaurant}} {{tag|cuisine|indonesian}}
|-
|japanese_restaurant||{{tag|amenity|restaurant}} {{tag|cuisine|japanese}}
|-
|korean_restaurant||{{tag|amenity|restaurant}} {{tag|cuisine|korean}}
|-
|sushi_restaurant||{{tag|amenity|restaurant}} {{tag|cuisine|sushi}}
|-
|laotian_restaurant||{{tag|amenity|restaurant}} {{tag|cuisine|laotian}}
|-
|malaysian_restaurant||{{tag|amenity|restaurant}} {{tag|cuisine|malaysian}}
|-
|mongolian_restaurant||{{tag|amenity|restaurant}} {{tag|cuisine|mongolian}}
|-
|noodles_restaurant||{{tag|amenity|restaurant}} {{tag|cuisine|noodles}}
|-
|singaporean_restaurant||{{tag|amenity|restaurant}} {{tag|cuisine|singaporean}}
|-
|taiwanese_restaurant||{{tag|amenity|restaurant}} {{tag|cuisine|taiwanese}}
|-
|thai_restaurant||{{tag|amenity|restaurant}} {{tag|cuisine|thai}}
|-
|vietnamese_restaurant||{{tag|amenity|restaurant}} {{tag|cuisine|vietnamese}}
|-
|hong_kong_style_cafe||{{tag|amenity|cafe}} {{tag|cuisine|hong_kong_style}}
|-
|australian_restaurant||{{tag|amenity|restaurant}} {{tag|cuisine|australian}}
|-
|austrian_restaurant||{{tag|amenity|restaurant}} {{tag|cuisine|austrian}}
|-
|bangladeshi_restaurant||{{tag|amenity|restaurant}} {{tag|cuisine|bangladeshi}}
|-
|indian_restaurant||{{tag|amenity|restaurant}} {{tag|cuisine|indian}}
|-
|basque_restaurant||{{tag|amenity|restaurant}} {{tag|cuisine|basque}}
|-
|british_restaurant||{{tag|amenity|restaurant}} {{tag|cuisine|british}}
|-
|eastern_european_restaurant||{{tag|cuisine|eastern_european}} {{tag|amenity|restaurant}}
|-
|belarusian_restaurant||{{tag|amenity|restaurant}} {{tag|cuisine|belarusian}}
|-
|bulgarian_restaurant||{{tag|amenity|restaurant}} {{tag|cuisine|bulgarian}}
|-
|romanian_restaurant||{{tag|amenity|restaurant}} {{tag|cuisine|romanian}}
|-
|tatar_restaurant||{{tag|amenity|restaurant}} {{tag|cuisine|tatar}}
|-
|ukrainian_restaurant||{{tag|amenity|restaurant}} {{tag|cuisine|ukrainian}}
|-
|french_restaurant||{{tag|amenity|restaurant}} {{tag|cuisine|french}}
|-
|cajun_creole_restaurant||{{tag|amenity|restaurant}} {{tag|cuisine|cajun}}
|-
|canadian_restaurant||{{tag|amenity|restaurant}} {{tag|cuisine|canadian}}
|-
|caribbean_restaurant||{{tag|amenity|restaurant}} {{tag|cuisine|caribbean}}
|-
|dominican_restaurant||{{tag|amenity|restaurant}} {{tag|cuisine|dominican}}
|-
|haitian_restaurant||{{tag|amenity|restaurant}} {{tag|cuisine|haitian}}
|-
|jamaican_restaurant||{{tag|amenity|restaurant}} {{tag|cuisine|jamaican}}
|-
|trinidadian_restaurant||{{tag|amenity|restaurant}} {{tag|cuisine|trinidadian}}
|-
|german_restaurant||{{tag|amenity|restaurant}} {{tag|cuisine|german}}
|-
|catalan_restaurant||{{tag|amenity|restaurant}} {{tag|cuisine|catalan}}
|-
|italian_restaurant||{{tag|amenity|restaurant}} {{tag|cuisine|italian}}
|-
|czech_restaurant||{{tag|amenity|restaurant}} {{tag|cuisine|czech}}
|-
|mediterranean_restaurant||{{tag|amenity|restaurant}} {{tag|cuisine|mediterranean}}
|-
|greek_restaurant||{{tag|amenity|restaurant}} {{tag|cuisine|greek}}
|-
|guamanian_restaurant||{{tag|amenity|restaurant}}
|-
|hawaiian_restaurant||{{tag|amenity|restaurant}} {{tag|cuisine|hawaiian}}
|-
|himalayan_nepalese_restaurant||{{tag|cuisine|nepalese}} {{tag|amenity|restaurant}}
|-
|hungarian_restaurant||{{tag|amenity|restaurant}} {{tag|cuisine|hungarian}}
|-
|iberian_restaurant||{{tag|amenity|restaurant}} {{tag|cuisine|iberian}}
|-
|irish_restaurant||{{tag|amenity|restaurant}} {{tag|cuisine|irish}}
|-
|jewish_restaurant||{{tag|amenity|restaurant}} {{tag|cuisine|jewish}}
|-
|international_restaurant||{{tag|amenity|restaurant}} {{tag|cuisine|international}}
|-
|european_restaurant||{{tag|cuisine|european}} {{tag|amenity|restaurant}}
|-
|oriental_restaurant||{{tag|amenity|restaurant}} {{tag|cuisine|oriental}}
|-
|pakistani_restaurant||{{tag|amenity|restaurant}} {{tag|cuisine|pakistani}}
|-
|polish_restaurant||{{tag|amenity|restaurant}} {{tag|cuisine|polish}}
|-
|polynesian_restaurant||{{tag|amenity|restaurant}} {{tag|cuisine|polynesian}}
|-
|portuguese_restaurant||{{tag|amenity|restaurant}} {{tag|cuisine|portuguese}}
|-
|russian_restaurant||{{tag|amenity|restaurant}} {{tag|cuisine|russian}}
|-
|scandinavian_restaurant||{{tag|amenity|restaurant}} {{tag|cuisine|scandinavian}}
|-
|danish_restaurant||{{tag|amenity|restaurant}} {{tag|cuisine|danish}}
|-
|norwegian_restaurant||{{tag|amenity|restaurant}}
|-
|scottish_restaurant||{{tag|amenity|restaurant}} {{tag|cuisine|scottish}}
|-
|seafood_restaurant||{{tag|amenity|restaurant}} {{tag|cuisine|seafood}}
|-
|serbo_croation_restaurant||{{tag|amenity|restaurant}} {{tag|cuisine|serbo_croatian}}
|-
|slovakian_restaurant||{{tag|amenity|restaurant}} {{tag|cuisine|slovak}}
|-
|southern_restaurant||{{tag|amenity|restaurant}} {{tag|cuisine|southern}}
|-
|spanish_restaurant||{{tag|amenity|restaurant}} {{tag|cuisine|spanish}}
|-
|sri_lankan_restaurant||{{tag|amenity|restaurant}} {{tag|cuisine|sri_lankan}}
|-
|swiss_restaurant||{{tag|amenity|restaurant}} {{tag|cuisine|swiss}}
|-
|uzbek_restaurant||{{tag|amenity|restaurant}} {{tag|cuisine|uzbek}}
|-
|molecular_gastronomy_restaurant||{{tag|amenity|restaurant}} {{tag|cuisine|molecular_gastronomy}}
|-
|haute_cuisine_restaurant||{{tag|amenity|restaurant}} {{tag|cuisine|haute_cuisine}}
|-
|salad_bar||{{tag|amenity|cafe}} {{tag|cuisine|salad}}
|-
|brasserie||{{tag|amenity|restaurant}}
|-
|buffet_restaurant||{{tag|amenity|restaurant}} {{tag|cuisine|buffet}}
|-
|barbecue_restaurant||{{tag|amenity|restaurant}} {{tag|cuisine|barbecue}}
|-
|burger_restaurant||{{tag|amenity|restaurant}} {{tag|cuisine|burger}}
|-
|canteen||{{tag|amenity|food_court}}
|-
|cafeteria||
|-
|cheesesteak_restaurant||{{tag|amenity|restaurant}} {{tag|cuisine|cheesesteak}}
|-
|chicken_restaurant||{{tag|amenity|restaurant}} {{tag|cuisine|chicken}}
|-
|chicken_wings_restaurant||{{tag|amenity|restaurant}} {{tag|cuisine|chicken}}
|-
|dog_meat_restaurant||{{tag|amenity|restaurant}}
|-
|dumpling_restaurant||{{tag|amenity|restaurant}} {{tag|cuisine|dumpling}}
|-
|fast_food_restaurant||{{tag|amenity|fast_food}}
|-
|fishchbroetchen_restaurant||{{tag|amenity|restaurant}}
|-
|acai_bowls||{{tag|amenity|cafe}} {{tag|cuisine|acai_bowls}}
|-
|fish_restaurant||{{tag|amenity|restaurant}} {{tag|cuisine|seafood}}
|-
|fish_and_chips_restaurant||{{tag|cuisine|fish_and_chips}} {{tag|amenity|restaurant}}
|-
|fondue_restaurant||{{tag|cuisine|fondue}} {{tag|amenity|restaurant}}
|-
|gluten_free_restaurant||{{tag|amenity|restaurant}} {{tag|diet:gluten_free|yes}}
|-
|baozi_restaurant||{{tag|amenity|restaurant}}
|-
|halal_restaurant||{{tag|amenity|restaurant}} {{tag|cuisine|halal}}
|-
|bistro||{{tag|amenity|restaurant}}
|-
|health_food_restaurant||{{tag|amenity|restaurant}} {{tag|diet:health_food|yes}}
|-
|kosher_restaurant||{{tag|amenity|restaurant}} {{tag|cuisine|kosher}}
|-
|comfort_food_restaurant||{{tag|amenity|restaurant}} {{tag|cuisine|comfort_food}}
|-
|meat_restaurant||{{tag|amenity|restaurant}}
|-
|curry_sausage_restaurant||{{tag|amenity|restaurant}} {{tag|cuisine|curry_sausage}}
|-
|diner||{{tag|amenity|restaurant}} {{tag|cuisine|diner}}
|-
|diy_foods_restaurant||{{tag|amenity|restaurant}} {{tag|cuisine|doityourself}}
|-
|doner_kebab||{{tag|amenity|restaurant}} {{tag|cuisine|doner_kebab}}
|-
|empanadas||{{tag|amenity|restaurant}} {{tag|cuisine|empanadas}}
|-
|nasi_restaurant||{{tag|amenity|restaurant}}
|-
|flatbread_restaurant||{{tag|amenity|restaurant}} {{tag|cuisine|flatbread}}
|-
|food_court||{{tag|amenity|food_court}}
|-
|gastropub||{{tag|amenity|pub}} {{tag|cuisine|gastropub}}
|-
|pizza_restaurant||{{tag|amenity|restaurant}} {{tag|cuisine|pizza}}
|-
|pop_up_restaurant||{{tag|amenity|restaurant}}
|-
|poutinerie_restaurant||{{tag|amenity|restaurant}} {{tag|cuisine|poutine}}
|-
|vegan_restaurant||{{tag|amenity|restaurant}} {{tag|diet:vegan|yes}}
|-
|vegetarian_restaurant||{{tag|amenity|restaurant}} {{tag|diet:vegetarian|yes}}
|-
|wok_restaurant||{{tag|amenity|restaurant}}
|-
|wrap_restaurant||{{tag|amenity|restaurant}}
|-
|piadina_restaurant||{{tag|amenity|restaurant}} {{tag|cuisine|piadina}}
|-
|poke||{{tag|amenity|restaurant}} {{tag|cuisine|poke}}
|-
|pigs_trotters_restaurant||{{tag|amenity|restaurant}}
|-
|potato_restaurant||{{tag|amenity|restaurant}} {{tag|cuisine|potato}}
|-
|rotisserie_chicken_restaurant||{{tag|amenity|restaurant}} {{tag|cuisine|chicken}}
|-
|schnitzel_restaurant||{{tag|amenity|restaurant}}
|-
|soul_food||{{tag|amenity|restaurant}} {{tag|cuisine|soul_food}}
|-
|steakhouse||{{tag|amenity|restaurant}} {{tag|cuisine|steak_house}}
|-
|supper_club||{{tag|amenity|restaurant}}
|-
|tapas_bar||{{tag|amenity|restaurant}}
|-
|venison_restaurant||{{tag|amenity|restaurant}}
|-
|wild_game_meats_restaurant||{{tag|amenity|restaurant}} {{tag|cuisine|wild_game}}
|-
|falafel_restaurant||{{tag|amenity|restaurant}} {{tag|cuisine|falafel}}
|-
|taco_restaurant||{{tag|amenity|restaurant}} {{tag|cuisine|mexican}}
|-
|hot_dog_restaurant||{{tag|amenity|restaurant}} {{tag|cuisine|american}}
|-
|live_and_raw_food_restaurant||{{tag|amenity|restaurant}} {{tag|cuisine|raw_food}}
|-
|soup_restaurant||{{tag|amenity|restaurant}} {{tag|cuisine|soup}}
|-
|theme_restaurant||{{tag|amenity|restaurant}}
|-
|bar_and_grill_restaurant||{{tag|amenity|restaurant}}
|-
|meatball_restaurant||{{tag|amenity|restaurant}}
|-
|waffle_restaurant||{{tag|amenity|restaurant}} {{tag|cuisine|breakfast}}
|-
|breakfast_and_brunch_restaurant||{{tag|amenity|restaurant}} {{tag|cuisine|breakfast}}
|-
|pancake_house||{{tag|amenity|restaurant}} {{tag|cuisine|breakfast}}
|-
|bagel_restaurant||{{tag|amenity|restaurant}} {{tag|cuisine|bagel}}
|-
|baguettes||
|-
|bar||{{tag|amenity|bar}}
|-
|airport_lounge||{{tag|amenity|lounge}}
|-
|beach_bar||{{tag|amenity|bar}} {{tag|bar|beach_bar}}
|-
|beer_bar||{{tag|amenity|bar}} {{tag|drink|beer}}
|-
|beer_garden||{{tag|amenity|biergarten}}
|-
|brewery||{{tag|craft|brewery}}
|-
|bubble_tea||{{tag|amenity|cafe}} {{tag|cuisine|bubble_tea}}
|-
|champagne_bar||{{tag|amenity|bar}} {{tag|drink:alcohol|champagne}}
|-
|cidery||{{tag|craft|cidery}}
|-
|cigar_bar||{{tag|amenity|bar}} {{tag|smoking|cigar}}
|-
|cocktail_bar||{{tag|amenity|bar}} {{tag|drink:cocktail|yes}}
|-
|dive_bar||{{tag|amenity|bar}}
|-
|drive_thru_bar||{{tag|amenity|bar}} {{tag|drive_through|yes}}
|-
|gay_bar||{{tag|amenity|bar}} {{tag|lgbtq|primary}}
|-
|hookah_bar||{{tag|amenity|hookah_lounge}}
|-
|hotel_bar||{{tag|amenity|bar}}
|-
|irish_pub||{{tag|amenity|pub}} {{tag|theme|irish}}
|-
|kombucha||{{tag|shop|beverages}} {{tag|produce|kombucha}}
|-
|lounge||{{tag|amenity|bar}}
|-
|milk_bar||{{tag|amenity|fast_food}}
|-
|milkshake_bar||
|-
|pub||{{tag|amenity|pub}}
|-
|sake_bar||{{tag|amenity|bar}} {{tag|cuisine|sake}}
|-
|speakeasy||{{tag|amenity|bar}}
|-
|sports_bar||{{tag|amenity|bar}}
|-
|sugar_shack||
|-
|tabac||{{tag|shop|tobacco}}
|-
|tiki_bar||{{tag|amenity|bar}} {{tag|cuisine|tiki}}
|-
|vermouth_bar||{{tag|amenity|bar}}
|-
|whiskey_bar||{{tag|amenity|bar}} {{tag|bar|whiskey}}
|-
|wine_bar||{{tag|amenity|bar}} {{tag|bar|wine}}
|-
|smoothie_juice_bar||{{tag|amenity|cafe}} {{tag|cuisine|smoothies}}
|-
|piano_bar||{{tag|amenity|bar}} {{tag|live_music|yes}} {{tag|music_genre|piano}}
|-
|cafe||{{tag|amenity|cafe}}
|-
|coffee_roastery||{{tag|shop|coffee}}
|-
|tea_room||{{tag|amenity|cafe}} {{tag|cuisine|tea}}
|-
|coffee_shop||{{tag|amenity|cafe}} {{tag|cuisine|coffee_shop}}
|-
|accommodation||{{tag|amenity|hotel}}
|-
|bed_and_breakfast||{{tag|tourism|guest_house}} {{tag|guest_house|bed_and_breakfast}}
|-
|cabin||{{tag|tourism|chalet}}
|-
|campground||{{tag|tourism|camp_site}}
|-
|cottage||{{tag|tourism|chalet}}
|-
|guest_house||{{tag|tourism|guest_house}}
|-
|health_retreats||{{tag|leisure|spa}}
|-
|holiday_rental_home||{{tag|tourism|apartment}}
|-
|hostel||{{tag|tourism|hostel}}
|-
|hotel||{{tag|tourism|hotel}}
|-
|inn||{{tag|tourism|hotel}}
|-
|lodge||{{tag|tourism|lodge}}
|-
|motel||{{tag|tourism|motel}}
|-
|mountain_huts||{{tag|tourism|alpine_hut}}
|-
|resort||{{tag|leisure|resort}}
|-
|beach_resort||{{tag|leisure|beach_resort}}
|-
|rv_park||{{tag|tourism|caravan_site}}
|-
|service_apartments||{{tag|tourism|apartment}}
|-
|automotive||{{tag|shop|car}}
|-
|automotive_dealer||{{tag|shop|car}}
|-
|car_buyer||{{tag|shop|car}}
|-
|car_dealer||{{tag|shop|car}}
|-
|commercial_vehicle_dealer||{{tag|shop|car}}
|-
|golf_cart_dealer||
|-
|motorcycle_dealer||{{tag|shop|motorcycle}}
|-
|motorsport_vehicle_dealer||{{tag|shop|car}} {{tag|car|motorsport}}
|-
|recreational_vehicle_dealer||{{tag|shop|recreational_vehicle}}
|-
|scooter_dealers||{{tag|shop|motorcycle}}
|-
|trailer_dealer||{{tag|shop|trailer}}
|-
|truck_dealer||{{tag|shop|truck}}
|-
|used_car_dealer||{{tag|shop|car}} {{tag|second_hand|only}}
|-
|automotive_services_and_repair||{{tag|shop|car_repair}}
|-
|auto_body_shop||{{tag|shop|car_repair}} {{tag|car_repair|bodywork}}
|-
|auto_customization||{{tag|shop|car_repair}} {{tag|car_repair|customization}}
|-
|auto_detailing||{{tag|shop|car_repair}} {{tag|car_repair|detailing}}
|-
|auto_electrical_repair||{{tag|shop|car_repair}} {{tag|car_repair|electrical}}
|-
|auto_glass_service||{{tag|shop|car_repair}} {{tag|car_repair|glass}}
|-
|car_window_tinting||{{tag|shop|car_repair}} {{tag|car_repair|tinting}}
|-
|auto_restoration_services||{{tag|shop|car_repair}} {{tag|car_repair|restoration}}
|-
|auto_security||{{tag|shop|car_repair}} {{tag|car_repair|security}}
|-
|automobile_registration_service||{{tag|office|vehicle_registration_service}}
|-
|automotive_consultant||{{tag|office|consulting}} {{tag|consulting|automotive}}
|-
|automotive_storage_facility||{{tag|amenity|parking}} {{tag|parking|long_term}}
|-
|brake_service_and_repair||{{tag|shop|car_repair}}
|-
|car_inspector||
|-
|car_stereo_installation||{{tag|shop|car_parts}}
|-
|car_wash||{{tag|amenity|car_wash}}
|-
|diy_auto_shop||
|-
|emissions_inspection||{{tag|amenity|vehicle_inspection}}
|-
|engine_repair_service||
|-
|exhaust_and_muffler_repair||
|-
|hybrid_car_repair||
|-
|motorcycle_repair||{{tag|shop|motorcycle_repair}}
|-
|motorsport_vehicle_repair||{{tag|shop|car_repair}} {{tag|repair:vehicle|motorsport}}
|-
|oil_change_station||{{tag|amenity|fuel}} {{tag|service|oil_change}}
|-
|recreation_vehicle_repair||{{tag|shop|repair}} {{tag|repair|rv}}
|-
|roadside_assistance||
|-
|emergency_roadside_service||
|-
|mobile_dent_repair||{{tag|shop|car_repair}}
|-
|tire_dealer_and_repair||{{tag|shop|tyres}}
|-
|transmission_repair||{{tag|shop|car_repair}} {{tag|car_repair|transmission}}
|-
|towing_service||{{tag|shop|car_repair}} {{tag|service|towing}}
|-
|trailer_repair||
|-
|truck_repair||
|-
|auto_upholstery||
|-
|vehicle_wrap||{{tag|shop|car}} {{tag|service:vehicle:wrapping|yes}}
|-
|vehicle_shipping||{{tag|office|logistics}} {{tag|service|vehicle_shipping}}
|-
|wheel_and_rim_repair||{{tag|shop|car_repair}} {{tag|service:vehicle:wheels|yes}}
|-
|automotive_wheel_polishing_service||{{tag|shop|car_wash}}
|-
|windshield_installation_and_repair||{{tag|shop|car_repair}}
|-
|automotive_parts_and_accessories||{{tag|shop|car_parts}}
|-
|recreational_vehicle_parts_and_accessories||{{tag|shop|car_parts}} {{tag|car_parts|recreational_vehicle}}
|-
|car_stereo_store||{{tag|shop|car_parts}} {{tag|car_parts|stereo}}
|-
|motorcycle_gear||{{tag|shop|motorcycle}}
|-
|motorsports_store||{{tag|shop|motorcycle}}
|-
|interlock_system||
|-
|aircraft_dealer||
|-
|aircraft_repair||
|-
|aircraft_parts_and_supplies||
|-
|avionics_shop||
|-
|boat_dealer||{{tag|shop|boat}}
|-
|boat_service_and_repair||
|-
|boat_parts_and_accessories||
|-
|gas_station||{{tag|amenity|fuel}}
|-
|truck_gas_station||{{tag|amenity|fuel}} {{tag|hgv|yes}}
|-
|fuel_dock||
|-
|ev_charging_station||{{tag|amenity|charging_station}}
|-
|truck_stop||{{tag|highway|services}}
|-
|automobile_leasing||{{tag|amenity|car_rental}}
|-
|automotive_repair||{{tag|shop|car_repair}}
|-
|auto_company||{{tag|shop|car}}
|-
|motorcycle_manufacturer||{{tag|man_made|works}} {{tag|product|motorcycle}}
|-
|arts_and_entertainment||{{tag|amenity|arts_centre}}
|-
|adult_entertainment||{{tag|amenity|stripclub}}
|-
|erotic_massage||{{tag|shop|massage}}
|-
|strip_club||{{tag|amenity|stripclub}}
|-
|striptease_dancer||{{tag|amenity|stripclub}}
|-
|arcade||{{tag|leisure|amusement_arcade}}
|-
|auditorium||{{tag|amenity|conference_centre}} {{tag|room|auditorium}}
|-
|bar_crawl||{{tag|office|guide}} {{tag|guide|bar_crawl}}
|-
|betting_center||{{tag|shop|bookmaker}}
|-
|bingo_hall||{{tag|leisure|bing_hall}}
|-
|bookmakers||{{tag|shop|bookmaker}}
|-
|cabaret||{{tag|amenity|theatre}} {{tag|theatre:genre|cabaret}}
|-
|carousel||{{tag|attraction|carousel}}
|-
|casino||{{tag|amenity|casino}}
|-
|chamber_of_handicraft||
|-
|choir||
|-
|circus||{{tag|amenity|theatre}} {{tag|theatre:genre|circus}}
|-
|club_crawl||
|-
|comedy_club||{{tag|amenity|theatre}}
|-
|topic_concert_venue||{{tag|amenity|music_venue}}
|-
|country_club||
|-
|country_dance_hall||
|-
|dance_club||{{tag|amenity|nightclub}}
|-
|dinner_theatre||
|-
|eatertainment||{{tag|amenity|restaurant}}
|-
|escape_rooms||{{tag|leisure|escape_game}}
|-
|exhibition_and_trade_center||
|-
|glass_blowing||{{tag|craft|glass_blowing}}
|-
|indoor_playcenter||{{tag|leisure|playground}} {{tag|indoor|yes}}
|-
|internet_cafe||{{tag|amenity|internet_cafe}}
|-
|jazz_and_blues||{{tag|amenity|nightclub}} {{tag|live_music|yes}} {{tag|music_genre|jazz_and_blues}}
|-
|karaoke||{{tag|amenity|karaoke_box}}
|-
|laser_tag||{{tag|leisure|sports_centre}} {{tag|sport|laser_tag}}
|-
|makerspace||{{tag|leisure|hackerspace}}
|-
|marching_band||
|-
|music_venue||{{tag|amenity|theatre}}
|-
|musical_band_orchestras_and_symphonies||{{tag|amenity|theatre}} {{tag|theatre:type|concert_hall}}
|-
|opera_and_ballet||{{tag|amenity|theatre}} {{tag|theatre:type|ballet}}
|-
|paint_and_sip||
|-
|paintball||{{tag|leisure|pitch}} {{tag|sport|paintball}}
|-
|performing_arts||{{tag|amenity|theatre}}
|-
|planetarium||{{tag|amenity|planetarium}}
|-
|rodeo||{{tag|leisure|pitch}} {{tag|sport|rodeo}}
|-
|salsa_club||{{tag|amenity|nightclub}} {{tag|music_genre|salsa}}
|-
|wildlife_sanctuary||{{tag|leisure|nature_reserve}}
|-
|stadium_arena||{{tag|leisure|stadium}}
|-
|baseball_stadium||{{tag|leisure|stadium}} {{tag|sport|baseball}}
|-
|basketball_stadium||{{tag|leisure|stadium}} {{tag|sport|basketball}}
|-
|cricket_ground||{{tag|leisure|pitch}} {{tag|sport|cricket}}
|-
|football_stadium||{{tag|leisure|stadium}} {{tag|sport|soccer}}
|-
|hockey_arena||{{tag|leisure|sports_centre}} {{tag|sport|hockey}}
|-
|rugby_stadium||{{tag|leisure|stadium}} {{tag|sport|rugby}}
|-
|soccer_stadium||{{tag|leisure|stadium}} {{tag|sport|football}}
|-
|tennis_stadium||{{tag|leisure|stadium}} {{tag|sport|tennis}}
|-
|track_stadium||{{tag|leisure|stadium}} {{tag|sport|track}}
|-
|studio_taping||{{tag|amenity|studio}}
|-
|theatres_and_performance_venues||
|-
|theatre||{{tag|amenity|theatre}}
|-
|ticket_sales||{{tag|shop|ticket}}
|-
|virtual_reality_center||{{tag|leisure|amusement_arcade}}
|-
|water_park||{{tag|leisure|water_park}}
|-
|cinema||{{tag|amenity|cinema}}
|-
|drive_in_theatre||{{tag|amenity|cinema}} {{tag|drive_in|yes}}
|-
|outdoor_movies||{{tag|amenity|cinema}} {{tag|outdoor|yes}}
|-
|farm||{{tag|shop|farm}}
|-
|attraction_farm||{{tag|tourism|attraction}} {{tag|attraction|farm}}
|-
|orchard||{{tag|landuse|orchard}}
|-
|pick_your_own_farm||{{tag|tourism|attraction}} {{tag|produce|pick_your_own}}
|-
|poultry_farm||
|-
|ranch||{{tag|landuse|farmland}}
|-
|festival||{{tag|amenity|festival_grounds}}
|-
|fair||{{tag|leisure|festival_grounds}}
|-
|film_festivals_and_organizations||
|-
|general_festivals||{{tag|amenity|festival_grounds}}
|-
|holiday_market||{{tag|amenity|marketplace}} {{tag|seasonal|christmas}}
|-
|music_festivals_and_organizations||{{tag|amenity|events_venue}}
|-
|trade_fair||{{tag|amenity|events_venue}}
|-
|social_club||{{tag|amenity|social_club}}
|-
|fraternal_organization||{{tag|amenity|social_facility}}
|-
|veterans_organization||{{tag|office|social_facility}} {{tag|social_facility:for|veterans}}
|-
|supernatural_reading||{{tag|shop|psychic}}
|-
|astrologer||{{tag|shop|psychic}} {{tag|psychic|astrologer}}
|-
|mystic||{{tag|shop|psychic}} {{tag|psychic|mystic}}
|-
|psychic||{{tag|shop|psychic}}
|-
|psychic_medium||{{tag|shop|psychic}}
|-
|attractions_and_activities||{{tag|tourism|attraction}}
|-
|amusement_park||{{tag|tourism|theme_park}}
|-
|aquarium||{{tag|tourism|aquarium}}
|-
|architecture||{{tag|office|architect}}
|-
|art_gallery||{{tag|tourism|gallery}}
|-
|atv_rentals_and_tours||{{tag|shop|rental}} {{tag|rental|atvs}} {{tag|office|guide}} {{tag|guide|atv_tours}}
|-
|axe_throwing||{{tag|leisure|sports_centre}} {{tag|sport|axe_throwing}}
|-
|backpacking_area||{{tag|highway|trailhead}}
|-
|beach||{{tag|natural|beach}}
|-
|beach_combing_area||
|-
|boat_rental_and_training||{{tag|amenity|boat_rental}}
|-
|boating_places||{{tag|leisure|marina}}
|-
|bobsledding_field||
|-
|botanical_garden||{{tag|leisure|garden}} {{tag|garden:type|botanical}}
|-
|bungee_jumping_center||
|-
|canyon||{{tag|natural|valley}}
|-
|castle||{{tag|historic|castle}}
|-
|cave||{{tag|natural|cave_entrance}}
|-
|challenge_courses_center||{{tag|leisure|sports_centre}} {{tag|sport|obstacle_course}}
|-
|cliff_jumping_center||
|-
|climbing_service||
|-
|crater||
|-
|cultural_center||{{tag|amenity|arts_centre}}
|-
|fishing_charter||{{tag|office|guide}} {{tag|guide|fishing }}
|-
|flyboarding_rental||{{tag|shop|rental}} {{tag|rental|flyboard}} {{tag|sport|flyboarding}}
|-
|fort||{{tag|historic|fort}}
|-
|fountain||{{tag|amenity|fountain}}
|-
|go_kart_track||{{tag|highway|raceway}} {{tag|sport|karting}}
|-
|haunted_house||{{tag|attraction|haunted_house}}
|-
|high_gliding_center||{{tag|leisure|sports_centre}} {{tag|sport|hang_gliding}}
|-
|horseback_riding_service||{{tag|leisure|horse_riding}}
|-
|hot_air_balloons_tour||{{tag|office|guide}} {{tag|guide|hot_air_balloon}}
|-
|hot_springs||{{tag|natural|hot_spring}}
|-
|jet_skis_rental||
|-
|kiteboarding_instruction||
|-
|lake||{{tag|natural|water}} {{tag|water|lake}}
|-
|landmark_and_historical_building||{{tag|building|yes}}
|-
|lighthouse||{{tag|man_made|lighthouse}}
|-
|lookout||{{tag|tourism|viewpoint}}
|-
|marina||{{tag|leisure|marina}}
|-
|monument||{{tag|historic|monument}}
|-
|mountain_bike_parks||{{tag|leisure|track}} {{tag|sport|mountain_biking}}
|-
|observatory||{{tag|man_made|observatory}}
|-
|paddleboard_rental||{{tag|shop|rental}} {{tag|rental|paddleboard}} {{tag|sport|paddleboarding}}
|-
|palace||{{tag|historic|castle}} {{tag|castle_type|palace}}
|-
|parasailing_ride_service||
|-
|plaza||{{tag|place|square}}
|-
|rafting_kayaking_area||{{tag|tourism|attraction}} {{tag|sport|kayak}}
|-
|rock_climbing_spot||
|-
|ruin||{{tag|historic|ruins}}
|-
|sailing_area||
|-
|sand_dune||{{tag|natural|sand}}
|-
|scavenger_hunts_provider||
|-
|sculpture_statue||{{tag|historic|memorial}} {{tag|memorial|statue}}
|-
|ski_area||{{tag|landuse|winter_sports}}
|-
|skyline||
|-
|sledding_rental||{{tag|shop|rental}} {{tag|rental|sledding}}
|-
|snorkeling_equipment_rental||
|-
|snorkeling||
|-
|snowboarding_center||
|-
|stargazing_area||
|-
|street_art||{{tag|tourism|artwork}} {{tag|artwork_type|street_art}}
|-
|trail||{{tag|highway|path}}
|-
|hiking_trail||{{tag|highway|path}} {{tag|sac_scale|hiking}}
|-
|mountain_bike_trails||{{tag|highway|path}} {{tag|bicycle|yes}}
|-
|waterfall||{{tag|waterway|waterfall}}
|-
|surfing||{{tag|leisure|sports_centre}} {{tag|sport|surfing}}
|-
|surfboard_rental||
|-
|windsurfing_center||
|-
|ziplining_center||
|-
|zoo||{{tag|tourism|zoo}}
|-
|petting_zoo||{{tag|tourism|zoo}} {{tag|zoo|petting_zoo}}
|-
|museum||{{tag|tourism|museum}}
|-
|art_museum||{{tag|tourism|gallery}}
|-
|asian_art_museum||{{tag|tourism|gallery}}
|-
|cartooning_museum||{{tag|tourism|museum}} {{tag|museum|cartooning}}
|-
|contemporary_art_museum||{{tag|tourism|gallery}}
|-
|children's_museum||{{tag|tourism|museum}} {{tag|museum|children}}
|-
|costume_museum||{{tag|tourism|museum}} {{tag|museum|costume}}
|-
|decorative_arts_museum||{{tag|tourism|gallery}}
|-
|design_museum||{{tag|tourism|museum}} {{tag|museum|design}}
|-
|modern_art_museum||{{tag|tourism|gallery}}
|-
|photography_museum||{{tag|tourism|gallery}}
|-
|textile_museum||{{tag|tourism|museum}} {{tag|museum|textile}}
|-
|history_museum||{{tag|tourism|museum}} {{tag|museum|history}}
|-
|civilization_museum||{{tag|tourism|museum}} {{tag|museum|history}}
|-
|community_museum||{{tag|tourism|museum}} {{tag|museum|community}}
|-
|military_museum||{{tag|tourism|museum}} {{tag|museum|military}}
|-
|national_museum||{{tag|tourism|museum}} {{tag|museum|national}}
|-
|science_museum||{{tag|tourism|museum}} {{tag|museum|science}}
|-
|computer_museum||{{tag|tourism|museum}} {{tag|museum|computer}}
|-
|state_museum||{{tag|tourism|museum}}
|-
|aviation_museum||{{tag|tourism|museum}} {{tag|museum|aviation}}
|-
|sports_museum||{{tag|tourism|museum}} {{tag|museum|sports}}
|-
|park||{{tag|leisure|park}}
|-
|dog_park||{{tag|leisure|dog_park}}
|-
|memorial_park||{{tag|leisure|park}} {{tag|historic|memorial}}
|-
|national_park||{{tag|leisure|nature_reserve}}
|-
|state_park||{{tag|leisure|park}} {{tag|boundary|protected_area}}
|-
|active_life||{{tag|leisure|sports_centre}}
|-
|sports_and_recreation_venue||{{tag|leisure|sports_centre}}
|-
|adventure_sports_center||{{tag|leisure|sports_centre}} {{tag|sport|adventure}}
|-
|american_football_field||{{tag|leisure|pitch}} {{tag|sport|american_football}}
|-
|airsoft_fields||{{tag|leisure|pitch}} {{tag|sport|airsoft}}
|-
|archery_range||{{tag|leisure|pitch}} {{tag|sport|archery}}
|-
|atv_recreation_park||
|-
|badminton_court||{{tag|leisure|pitch}} {{tag|sport|badminton}}
|-
|baseball_field||{{tag|leisure|pitch}} {{tag|sport|baseball}}
|-
|basketball_court||{{tag|leisure|pitch}} {{tag|sport|basketball}}
|-
|batting_cage||{{tag|leisure|pitch}} {{tag|sport|baseball}}
|-
|beach_volleyball_court||{{tag|leisure|pitch}} {{tag|sport|beachvolleyball}}
|-
|bicycle_path||{{tag|highway|cycleway}}
|-
|bocce_ball_court||{{tag|leisure|pitch}} {{tag|sport|boules}}
|-
|bowling_alley||{{tag|leisure|bowling_alley}}
|-
|bubble_soccer_field||{{tag|leisure|pitch}} {{tag|sport|soccer}}
|-
|disc_golf_course||{{tag|leisure|disc_golf_course}}
|-
|flyboarding_center||
|-
|futsal_field||{{tag|leisure|pitch}} {{tag|sport|futsal}}
|-
|golf_course||{{tag|leisure|golf_course}}
|-
|driving_range||{{tag|golf|driving_range}}
|-
|gym||{{tag|leisure|fitness_centre}}
|-
|gymnastics_center||{{tag|leisure|sports_centre}} {{tag|sport|gymnastics}}
|-
|handball_court||{{tag|leisure|pitch}} {{tag|sport|handball}}
|-
|hockey_field||{{tag|leisure|pitch}} {{tag|sport|field_hockey}}
|-
|horse_riding||{{tag|leisure|horse_riding}}
|-
|equestrian_facility||{{tag|leisure|horse_riding}}
|-
|horse_racing_track||{{tag|leisure|track}} {{tag|sport|horse_racing}}
|-
|skate_park||{{tag|leisure|pitch}} {{tag|sport|skateboard}}
|-
|skating_rink||{{tag|leisure|sports_centre}} {{tag|sport|skating}}
|-
|ice_skating_rink||
|-
|roller_skating_rink||{{tag|leisure|pitch}} {{tag|sport|roller_skating}}
|-
|hang_gliding_center||{{tag|leisure|sports_centre}} {{tag|sport|hang_gliding}}
|-
|kiteboarding||
|-
|miniature_golf_course||{{tag|leisure|miniature_golf}}
|-
|paddleboarding_center||
|-
|playground||{{tag|leisure|playground}}
|-
|pool_billiards||{{tag|leisure|sports_centre}} {{tag|sport|pool;billiards}}
|-
|pool_hall||{{tag|leisure|sports_centre}} {{tag|sport|pool}}
|-
|racquetball_court||{{tag|leisure|pitch}} {{tag|sport|racquetball}}
|-
|rock_climbing_gym||{{tag|leisure|fitness_centre}} {{tag|sport|rock_climbing}} {{tag|indoor|yes}}
|-
|rugby_pitch||{{tag|leisure|pitch}} {{tag|sport|rugby}}
|-
|shooting_range||{{tag|leisure|pitch}} {{tag|sport|shooting}}
|-
|sky_diving||
|-
|soccer_field||{{tag|leisure|pitch}} {{tag|sport|soccer}}
|-
|squash_court||{{tag|leisure|pitch}} {{tag|sport|squash}}
|-
|swimming_pool||{{tag|leisure|swimming_pool}}
|-
|tennis_court||{{tag|leisure|pitch}} {{tag|sport|tennis}}
|-
|trampoline_park||{{tag|leisure|trampoline_park}}
|-
|tubing_provider||{{tag|shop|wholesale}} {{tag|wholesale|tubing}}
|-
|volleyball_court||{{tag|leisure|pitch}} {{tag|sport|volleyball}}
|-
|wildlife_hunting_range||{{tag|leisure|nature_reserve}} {{tag|hunting|yes}}
|-
|zorbing_center||
|-
|diving_center||
|-
|free_diving_center||
|-
|scuba_diving_center||
|-
|race_track||{{tag|leisure|track}}
|-
|sports_and_fitness_instruction||
|-
|climbing_class||
|-
|cycling_classes||
|-
|golf_instructor||
|-
|paddleboarding_lessons||
|-
|racing_experience||
|-
|rock_climbing_instructor||{{tag|leisure|sports_hall}} {{tag|sport|climbing}}
|-
|free_diving_instruction||
|-
|scuba_diving_instruction||
|-
|aerial_fitness_center||
|-
|barre_classes||{{tag|leisure|fitness_centre}} {{tag|sport|barre}}
|-
|boot_camp||{{tag|amenity|fitness_centre}}
|-
|boxing_class||{{tag|leisure|fitness_centre}} {{tag|sport|boxing}}
|-
|boxing_club||{{tag|leisure|fitness_centre}} {{tag|sport|boxing}}
|-
|boxing_gym||{{tag|leisure|fitness_centre}} {{tag|sport|boxing}}
|-
|cardio_classes||{{tag|leisure|fitness_centre}} {{tag|sport|cardio}}
|-
|dance_school||{{tag|leisure|dance}} {{tag|dance:teaching|yes}}
|-
|ems_training||{{tag|amenity|training}} {{tag|training|emergency_medical_services}}
|-
|fitness_trainer||
|-
|health_consultant||
|-
|meditation_center||
|-
|pilates_studio||{{tag|amenity|gym}} {{tag|sport|pilates}}
|-
|qi_gong_studio||{{tag|leisure|fitness_centre}} {{tag|sport|qi_gong}}
|-
|self_defense_classes||
|-
|ski_and_snowboard_school||{{tag|amenity|school}}
|-
|surfing_school||{{tag|amenity|school}}
|-
|swimming_instructor||
|-
|tai_chi_studio||
|-
|yoga_instructor||
|-
|yoga_studio||{{tag|leisure|fitness_centre}} {{tag|sport|yoga}}
|-
|sports_club_and_league||
|-
|amateur_sports_league||
|-
|amateur_sports_team||
|-
|beach_volleyball_club||
|-
|esports_league||
|-
|esports_team||
|-
|fencing_club||{{tag|sport|fencing}}
|-
|fishing_club||
|-
|football_club||
|-
|go_kart_club||
|-
|gymnastics_club||{{tag|leisure|sports_centre}} {{tag|sport|gymnastics}}
|-
|lawn_bowling_club||
|-
|nudist_clubs||
|-
|paddle_tennis_club||
|-
|professional_sports_league||{{tag|office|sports}} {{tag|sport|professional_sports}}
|-
|professional_sports_team||
|-
|rowing_club||
|-
|sailing_club||
|-
|school_sports_league||
|-
|school_sports_team||
|-
|soccer_club||{{tag|leisure|sports_centre}} {{tag|sport|soccer}}
|-
|surf_lifesaving_club||{{tag|emergency|lifeguard}} {{tag|club|sport}} {{tag|sport|surfing}}
|-
|table_tennis_club||{{tag|leisure|sports_centre}} {{tag|sport|table_tennis}}
|-
|volleyball_club||{{tag|leisure|sports_centre}} {{tag|sport|volleyball}}
|-
|golf_club||{{tag|leisure|golf_course}}
|-
|indoor_golf_center||{{tag|leisure|golf_course}} {{tag|golf:course|driving_range}} {{tag|indoor|yes}}
|-
|martial_arts_club||{{tag|amenity|dojo}} {{tag|club|martial_arts}}
|-
|brazilian_jiu_jitsu_club||{{tag|leisure|sports_centre}} {{tag|sport|brazilian_jiu_jitsu}}
|-
|chinese_martial_arts_club||{{tag|leisure|sports_centre}} {{tag|sport|martial_arts}}
|-
|karate_club||{{tag|amenity|dojo}} {{tag|sport|karate}}
|-
|kickboxing_club||{{tag|leisure|sports_centre}} {{tag|sport|kickboxing}}
|-
|muay_thai_club||{{tag|leisure|sports_centre}} {{tag|sport|muay_thai}}
|-
|taekwondo_club||{{tag|club|sport}} {{tag|sport|taekwondo}}
|-
|sports_and_recreation_rental_and_services||
|-
|beach_equipment_rentals||{{tag|shop|rental}} {{tag|rental|beach_equipment}}
|-
|bike_rentals||{{tag|amenity|bicycle_rental}}
|-
|canoe_and_kayak_hire_service||
|-
|scooter_rental||
|-
|sport_equipment_rentals||{{tag|shop|rental}} {{tag|rental|sports_equipment}}
|-
|beauty_and_spa||{{tag|amenity|spa}}
|-
|aromatherapy||{{tag|healthcare|alternative}} {{tag|healthcare:speciality|aromatherapy}}
|-
|beauty_salon||{{tag|shop|beauty}}
|-
|acne_treatment||{{tag|healthcare|doctor}} {{tag|healthcare:speciality|dermatology}}
|-
|barber||{{tag|shop|hairdresser}}
|-
|eyebrow_service||{{tag|shop|beauty}} {{tag|beauty|eyebrows}}
|-
|eyelash_service||{{tag|shop|beauty}} {{tag|beauty|eyelash}}
|-
|foot_care||{{tag|healthcare|doctor}} {{tag|healthcare:speciality|podiatry}}
|-
|hair_extensions||{{tag|shop|hairdresser;beauty}} {{tag|beauty|hair_extensions}}
|-
|hair_loss_center||{{tag|healthcare|doctor}} {{tag|healthcare:speciality|trichology}}
|-
|hair_replacement||{{tag|healthcare|doctor}} {{tag|healthcare:speciality|hair}}
|-
|health_spa||{{tag|amenity|spa}}
|-
|makeup_artist||
|-
|massage||{{tag|shop|massage}}
|-
|nail_salon||{{tag|shop|beauty}} {{tag|beauty|nails}}
|-
|onsen||
|-
|permanent_makeup||{{tag|shop|beauty}} {{tag|beauty|permanent_makeup}}
|-
|tattoo_and_piercing||{{tag|shop|tattoo}}
|-
|piercing||{{tag|shop|tattoo}} {{tag|piercing|yes}}
|-
|tattoo||{{tag|shop|tattoo}}
|-
|public_bath_houses||{{tag|amenity|public_bath}}
|-
|teeth_whitening||{{tag|amenity|dentist}} {{tag|healthcare|dentist}} {{tag|healthcare:speciality|teeth_whitening}}
|-
|turkish_baths||
|-
|hair_removal||{{tag|shop|beauty}} {{tag|beauty|hair_removal}}
|-
|laser_hair_removal||{{tag|shop|beauty}} {{tag|beauty:salon:waxing|laser_hair_removal}}
|-
|sugaring||
|-
|threading_service||
|-
|waxing||{{tag|shop|beauty}} {{tag|beauty|waxing}}
|-
|hair_salon||{{tag|shop|hairdresser}}
|-
|blow_dry_blow_out_service||
|-
|hair_stylist||{{tag|shop|hairdresser}}
|-
|kids_hair_salon||{{tag|shop|hairdresser}} {{tag|hairdresser|kids}}
|-
|spas||{{tag|amenity|spa}}
|-
|medical_spa||{{tag|amenity|spa}}
|-
|day_spa||{{tag|amenity|spa}}
|-
|skin_care||{{tag|shop|cosmetics}}
|-
|esthetician||{{tag|shop|beauty}}
|-
|tanning_salon||{{tag|shop|beauty}} {{tag|beauty|tanning}}
|-
|spray_tanning||{{tag|shop|beauty}} {{tag|beauty|tanning}}
|-
|tanning_bed||{{tag|leisure|tanning_salon}}
|-
|image_consultant||
|-
|education||
|-
|adult_education||
|-
|board_of_education_offices||
|-
|campus_building||
|-
|college_counseling||
|-
|college_university||{{tag|amenity|university}} {{tag|isced:level|5}}
|-
|architecture_schools||
|-
|business_schools||
|-
|engineering_schools||
|-
|law_schools||{{tag|amenity|university}} {{tag|education|law}}
|-
|medical_sciences_schools||{{tag|amenity|school}} {{tag|school|medical_sciences}}
|-
|dentistry_schools||
|-
|pharmacy_schools||{{tag|amenity|college}} {{tag|education|pharmacy}}
|-
|veterinary_schools||
|-
|science_schools||
|-
|educational_research_institute||
|-
|educational_services||
|-
|archaeological_services||
|-
|educational_camp||
|-
|private_tutor||
|-
|school||{{tag|amenity|school}}
|-
|charter_school||{{tag|amenity|school}} {{tag|school:type|charter}}
|-
|elementary_school||{{tag|amenity|school}} {{tag|isced:level|1}}
|-
|high_school||{{tag|amenity|school}} {{tag|isced:level|3}}
|-
|middle_school||{{tag|amenity|school}} {{tag|isced:level|2}}
|-
|montessori_school||{{tag|amenity|school}}
|-
|preschool||{{tag|amenity|school}} {{tag|isced:level|0}}
|-
|private_school||{{tag|amenity|school}} {{tag|school:type|private}}
|-
|public_school||{{tag|amenity|school}}
|-
|religious_school||{{tag|amenity|school}}
|-
|waldorf_school||{{tag|amenity|school}} {{tag|operator:type|waldorf}}
|-
|school_district_offices||
|-
|specialty_school||{{tag|amenity|school}} {{tag|education|speciality}}
|-
|art_school||{{tag|amenity|school}} {{tag|school|art}}
|-
|bartending_school||{{tag|amenity|school}} {{tag|school|bartending}}
|-
|cheerleading||{{tag|leisure|sports_centre}} {{tag|sport|cheerleading}}
|-
|childbirth_education||
|-
|circus_school||{{tag|amenity|school}} {{tag|school|circus}}
|-
|computer_coaching||
|-
|cooking_school||{{tag|amenity|school}} {{tag|school|cooking}}
|-
|cosmetology_school||{{tag|amenity|school}} {{tag|school|cosmetology}}
|-
|cpr_classes||{{tag|amenity|training}} {{tag|training|cpr}}
|-
|drama_school||{{tag|amenity|school}} {{tag|school|drama}}
|-
|driving_school||{{tag|amenity|driving_school}}
|-
|dui_school||{{tag|amenity|school}}
|-
|firearm_training||{{tag|amenity|training}} {{tag|training|firearm}}
|-
|first_aid_class||{{tag|amenity|training}} {{tag|training|first_aid}}
|-
|flight_school||{{tag|amenity|school}}
|-
|food_safety_training||{{tag|amenity|training}} {{tag|training|food_safety}}
|-
|language_school||{{tag|amenity|language_school}}
|-
|massage_school||{{tag|amenity|school}}
|-
|medical_school||{{tag|amenity|university}} {{tag|education|medicine}}
|-
|music_school||{{tag|amenity|music_school}}
|-
|nursing_school||{{tag|amenity|school}}
|-
|parenting_classes||{{tag|amenity|community_centre}} {{tag|community_centre|parenting_classes}}
|-
|photography_classes||{{tag|amenity|training}} {{tag|training|photography}}
|-
|speech_training||
|-
|sports_school||{{tag|amenity|school}}
|-
|traffic_school||{{tag|amenity|driving_school}}
|-
|vocational_and_technical_school||{{tag|amenity|school}}
|-
|student_union||
|-
|tasting_classes||{{tag|office|guide}} {{tag|guide|tasting_classes}}
|-
|cheese_tasting_classes||
|-
|wine_tasting_classes||
|-
|test_preparation||
|-
|tutoring_center||
|-
|civil_examinations_academy||
|-
|financial_service||{{tag|office|financial}}
|-
|accountant||{{tag|office|accountant}}
|-
|atms||{{tag|amenity|atm}}
|-
|bank_credit_union||{{tag|amenity|bank}}
|-
|banks||{{tag|amenity|bank}}
|-
|credit_union||{{tag|amenity|bank}}
|-
|brokers||
|-
|business_brokers||{{tag|office|financial_advisor}}
|-
|stock_and_bond_brokers||
|-
|business_banking_service||
|-
|business_financing||
|-
|check_cashing_payday_loans||
|-
|coin_dealers||{{tag|shop|collector}} {{tag|collector|coins}}
|-
|collection_agencies||
|-
|credit_and_debt_counseling||{{tag|amenity|social_facility}} {{tag|social_facility:for|debt_counseling}}
|-
|currency_exchange||{{tag|amenity|bureau_de_change}}
|-
|debt_relief_services||{{tag|office|financial_advisor}}
|-
|financial_advising||{{tag|office|financial_adviser}}
|-
|holding_companies||
|-
|investment_management_company||
|-
|installment_loans||{{tag|shop|money_lender}}
|-
|mortgage_lender||
|-
|auto_loan_provider||{{tag|office|money_lender}}
|-
|insurance_agency||{{tag|office|insurance}}
|-
|auto_insurance||{{tag|office|insurance}} {{tag|insurance|car}}
|-
|farm_insurance||{{tag|office|insurance}} {{tag|insurance|farm}}
|-
|fidelity_and_surety_bonds||
|-
|home_and_rental_insurance||{{tag|office|insurance}} {{tag|insurance|home}}
|-
|life_insurance||{{tag|office|insurance}} {{tag|insurance|life}}
|-
|investing||{{tag|office|financial_advisor}}
|-
|money_transfer_services||{{tag|amenity|bureau_de_change}}
|-
|tax_services||{{tag|office|tax_advisor}}
|-
|trusts||{{tag|office|accountant}}
|-
|private_establishments_and_corporates||{{tag|office|company}}
|-
|corporate_entertainment_services||
|-
|corporate_gift_supplier||
|-
|corporate_office||
|-
|private_equity_firm||{{tag|office|financial}}
|-
|retail||{{tag|shop|yes}}
|-
|food||{{tag|amenity|restaurant}}
|-
|back_shop||
|-
|bagel_shop||{{tag|amenity|cafe}} {{tag|cuisine|bagel}}
|-
|bakery||{{tag|shop|bakery}}
|-
|flatbread||{{tag|shop|bakery}}
|-
|beer_wine_and_spirits||{{tag|shop|alcohol}}
|-
|box_lunch_supplier||{{tag|shop|caterer}}
|-
|patisserie_cake_shop||{{tag|shop|pastry}} {{tag|cuisine|cake}}
|-
|chimney_cake_shop||{{tag|shop|pastry}} {{tag|cuisine|chimney_cake}}
|-
|cupcake_shop||{{tag|shop|pastry}} {{tag|cuisine|cupcake}}
|-
|custom_cakes_shop||{{tag|shop|pastry}}
|-
|coffee_and_tea_supplies||{{tag|shop|coffee}}
|-
|csa_farm||{{tag|landuse|farm}}
|-
|desserts||
|-
|donuts||{{tag|amenity|fast_food}} {{tag|cuisine|donut}}
|-
|fishmonger||{{tag|shop|fishmonger}}
|-
|food_delivery_service||
|-
|food_stand||{{tag|amenity|fast_food}}
|-
|food_truck||{{tag|amenity|fast_food}}
|-
|friterie||{{tag|amenity|fast_food}} {{tag|cuisine|friterie}}
|-
|health_food_store||{{tag|shop|health_food}}
|-
|ice_cream_and_frozen_yoghurt||{{tag|amenity|ice_cream}}
|-
|gelato||{{tag|amenity|ice_cream}} {{tag|cuisine|gelato}}
|-
|ice_cream_shop||{{tag|amenity|ice_cream}}
|-
|frozen_yoghurt_shop||{{tag|amenity|ice_cream}}
|-
|shaved_ice_shop||
|-
|shaved_snow_shop||
|-
|imported_food||{{tag|shop|food}}
|-
|kiosk||{{tag|shop|kiosk}}
|-
|liquor_store||{{tag|shop|alcohol}}
|-
|mulled_wine||{{tag|shop|wine}}
|-
|pie_shop||{{tag|shop|pastry}} {{tag|cuisine|pie}}
|-
|pretzels||{{tag|shop|bakery}} {{tag|cuisine|pretzel}}
|-
|sandwich_shop||{{tag|amenity|fast_food}} {{tag|cuisine|sandwich}}
|-
|smokehouse||
|-
|street_vendor||
|-
|pizza_delivery_service||{{tag|amenity|fast_food}} {{tag|cuisine|pizza}}
|-
|specialty_foods||
|-
|delicatessen||{{tag|shop|deli}}
|-
|frozen_foods||
|-
|indian_sweets_shop||{{tag|shop|confectionery}} {{tag|cuisine|indian}}
|-
|macarons||
|-
|pasta_shop||
|-
|winery||{{tag|craft|winery}}
|-
|wine_tasting_room||{{tag|craft|winery}} {{tag|amenity|bar}}
|-
|auto_parts_and_supply_store||{{tag|shop|car_parts}}
|-
|beverage_store||{{tag|shop|alcohol}}
|-
|boat_parts_and_supply_store||{{tag|shop|boat}}
|-
|butcher_shop||{{tag|shop|butcher}}
|-
|candy_store||{{tag|shop|confectionery}}
|-
|japanese_confectionery_shop||{{tag|shop|confectionery}} {{tag|cuisine|japanese}}
|-
|carpet_store||{{tag|shop|carpet}}
|-
|cheese_shop||{{tag|shop|cheese}}
|-
|chocolatier||{{tag|shop|chocolate}}
|-
|distillery||{{tag|craft|distillery}}
|-
|drugstore||{{tag|shop|chemist}}
|-
|flooring_store||{{tag|shop|flooring}}
|-
|fruits_and_vegetables||{{tag|shop|greengrocer}}
|-
|health_market||
|-
|hearing_aid_provider||
|-
|herb_and_spice_shop||{{tag|shop|farm}} {{tag|produce|herb}}
|-
|honey_farm_shop||{{tag|shop|farm}} {{tag|produce|honey}}
|-
|meat_shop||{{tag|shop|butcher}}
|-
|olive_oil||{{tag|shop|farm}} {{tag|produce|olive_oil}}
|-
|party_supply||{{tag|shop|party}}
|-
|pharmacy||{{tag|amenity|pharmacy}}
|-
|popcorn_shop||{{tag|shop|confectionery}} {{tag|cuisine|popcorn}}
|-
|seafood_market||{{tag|amenity|marketplace}} {{tag|cuisine|seafood}}
|-
|water_store||{{tag|shop|water}}
|-
|shopping||{{tag|shop|yes}}
|-
|arts_and_crafts||{{tag|shop|craft}}
|-
|art_supply_store||{{tag|shop|craft}}
|-
|atelier||
|-
|cooking_classes||
|-
|costume_store||{{tag|shop|clothes}} {{tag|clothes|costume}}
|-
|craft_shop||{{tag|shop|craft}}
|-
|embroidery_and_crochet||{{tag|shop|sewing}}
|-
|fabric_store||{{tag|shop|fabric}}
|-
|framing_store||{{tag|shop|frame}}
|-
|handicraft_shop||{{tag|shop|craft}}
|-
|paint_your_own_pottery||
|-
|books_mags_music_and_video||{{tag|shop|books}}
|-
|bookstore||{{tag|shop|books}}
|-
|academic_bookstore||{{tag|shop|books}}
|-
|comic_books_store||{{tag|shop|books}} {{tag|books|comic}}
|-
|music_and_dvd_store||{{tag|shop|music;video}}
|-
|newspaper_and_magazines_store||{{tag|shop|newsagent}}
|-
|video_and_video_game_rentals||{{tag|shop|rental}} {{tag|rental|video_games}}
|-
|video_game_store||{{tag|shop|video_games}}
|-
|vinyl_record_store||{{tag|shop|music}}
|-
|building_supply_store||{{tag|shop|doityourself}}
|-
|lumber_store||{{tag|shop|doityourself}}
|-
|fashion||{{tag|shop|clothes}}
|-
|clothing_store||{{tag|shop|clothes}}
|-
|ceremonial_clothing||{{tag|shop|clothes}} {{tag|clothes|ceremonial}}
|-
|children's_clothing_store||{{tag|shop|clothes}} {{tag|clothes|children}}
|-
|clothing_rental||{{tag|shop|rental}} {{tag|rental|clothing}}
|-
|denim_wear_store||{{tag|shop|clothes}} {{tag|clothes|denim}}
|-
|designer_clothing||{{tag|shop|clothes}} {{tag|clothes|fashion}}
|-
|formal_wear_store||{{tag|shop|clothes}} {{tag|clothes|formal_wear}}
|-
|fur_clothing||{{tag|shop|clothes}} {{tag|clothes|fur}}
|-
|lingerie_store||{{tag|shop|clothes}} {{tag|clothes|underwear}}
|-
|maternity_wear||{{tag|shop|clothes}} {{tag|clothes|maternity}}
|-
|men's_clothing_store||{{tag|shop|clothes}} {{tag|clothes|men}}
|-
|t_shirt_store||{{tag|shop|clothes}} {{tag|clothes|custom_t_shirts}}
|-
|custom_t_shirt_store||{{tag|shop|clothes}} {{tag|clothes|custom_t_shirts}}
|-
|traditional_clothing||{{tag|shop|clothes}} {{tag|clothes|traditional}}
|-
|women's_clothing_store||{{tag|shop|clothes}} {{tag|clothes|women}}
|-
|fashion_accessories_store||{{tag|shop|fashion_accessories}}
|-
|hat_shop||{{tag|shop|clothes}} {{tag|clothes|hats}}
|-
|leather_goods||{{tag|shop|leather}}
|-
|plus_size_clothing||{{tag|shop|clothes}} {{tag|clothes|plus_size}}
|-
|saree_shop||{{tag|shop|clothes}} {{tag|clothes|saree}}
|-
|sleepwear||{{tag|shop|clothes}} {{tag|clothes|sleepwear}}
|-
|stocking||
|-
|used_vintage_and_consignment||{{tag|shop|second_hand}}
|-
|handbag_stores||{{tag|shop|bag}}
|-
|shoe_store||{{tag|shop|shoes}}
|-
|orthopedic_shoe_store||{{tag|shop|shoes}} {{tag|shoes|orthopaedic}}
|-
|cosmetic_and_beauty_supplies||{{tag|shop|beauty}}
|-
|hair_supply_stores||{{tag|shop|wholesale}} {{tag|wholesale|hair_supply}}
|-
|eyewear_and_optician||{{tag|shop|optician}}
|-
|sunglasses_store||{{tag|shop|optician}}
|-
|farming_equipment_store||
|-
|forklift_dealer||
|-
|flowers_and_gifts_shop||{{tag|shop|flowers}}
|-
|florist||{{tag|shop|florist}}
|-
|gift_shop||{{tag|shop|gift}}
|-
|grocery_store||{{tag|shop|convenience}}
|-
|specialty_grocery_store||{{tag|shop|supermarket}}
|-
|asian_grocery_store||{{tag|shop|supermarket}} {{tag|cuisine|asian}}
|-
|dairy_stores||{{tag|shop|dairy}}
|-
|ethical_grocery||{{tag|shop|supermarket}}
|-
|indian_grocery_store||{{tag|shop|supermarket}} {{tag|cuisine|indian}}
|-
|japanese_grocery_store||{{tag|shop|supermarket}} {{tag|cuisine|japanese}}
|-
|korean_grocery_store||{{tag|shop|supermarket}} {{tag|cuisine|korean}}
|-
|kosher_grocery_store||{{tag|shop|supermarket}} {{tag|cuisine|kosher}}
|-
|mexican_grocery_store||{{tag|shop|supermarket}} {{tag|cuisine|mexican}}
|-
|organic_grocery_store||{{tag|shop|supermarket}} {{tag|organic|yes}}
|-
|rice_shop||
|-
|russian_grocery_store||{{tag|shop|supermarket}} {{tag|cuisine|russian}}
|-
|home_and_garden||{{tag|shop|hardware}}
|-
|hardware_store||{{tag|shop|hardware}}
|-
|welding_supply_store||
|-
|appliance_store||{{tag|shop|appliance}}
|-
|bedding_and_bath_stores||
|-
|candle_store||{{tag|shop|candles}}
|-
|christmas_trees||
|-
|electrical_supply_store||{{tag|shop|electronics}}
|-
|furniture_accessory_store||{{tag|shop|furniture}}
|-
|furniture_store||{{tag|shop|furniture}}
|-
|grilling_equipment||
|-
|holiday_decor||
|-
|home_decor||{{tag|shop|houseware}}
|-
|home_goods_store||{{tag|shop|houseware}}
|-
|home_improvement_store||{{tag|shop|doityourself}}
|-
|hot_tubs_and_pools||{{tag|shop|swimming_pool;hot_tub}}
|-
|lawn_mower_store||
|-
|lighting_store||{{tag|shop|lighting}}
|-
|linen||{{tag|shop|bedding}}
|-
|mattress_store||{{tag|shop|bed}}
|-
|nursery_and_gardening||{{tag|shop|garden_centre}}
|-
|outdoor_furniture_store||{{tag|shop|outdoor}} {{tag|product|furniture}}
|-
|paint_store||{{tag|shop|paint}}
|-
|playground_equipment_supplier||{{tag|shop|wholesale}} {{tag|wholesale|playground_equipment}}
|-
|pumpkin_patch||{{tag|landuse|orchard}}
|-
|rug_store||{{tag|shop|carpet}}
|-
|tableware_supplier||{{tag|shop|wholesale}} {{tag|wholesale|tableware}}
|-
|tile_store||
|-
|wallpaper_store||
|-
|window_treatment_store||
|-
|woodworking_supply_store||
|-
|kitchen_and_bath||
|-
|bathroom_fixture_stores||
|-
|kitchen_supply_store||
|-
|hydroponic_gardening||{{tag|shop|garden_centre}} {{tag|product|hydroponics}}
|-
|medical_supply||{{tag|shop|medical_supply}}
|-
|dental_supply_store||
|-
|hearing_aids||{{tag|shop|hearing_aids}}
|-
|pet_store||{{tag|shop|pet}}
|-
|bird_shop||{{tag|shop|pet}} {{tag|pet|bird}}
|-
|aquatic_pet_store||{{tag|shop|pet}} {{tag|pet|fish}}
|-
|reptile_shop||
|-
|adult_store||{{tag|shop|erotic}}
|-
|agricultural_seed_store||
|-
|antique_store||{{tag|shop|antiques}}
|-
|army_and_navy_store||
|-
|auction_house||
|-
|car_auction||
|-
|baby_gear_and_furniture||
|-
|battery_store||
|-
|bazaars||{{tag|amenity|marketplace}}
|-
|boutique||
|-
|brewing_supply_store||
|-
|bridal_shop||{{tag|shop|clothes}} {{tag|clothes|wedding}}
|-
|cannabis_dispensary||
|-
|cards_and_stationery_store||{{tag|shop|stationery}}
|-
|computer_store||{{tag|shop|computer}}
|-
|concept_shop||
|-
|convenience_store||{{tag|shop|convenience}}
|-
|custom_clothing||{{tag|shop|clothes}} {{tag|clothes|custom}}
|-
|customized_merchandise||{{tag|shop|gift}}
|-
|department_store||{{tag|shop|department_store}}
|-
|discount_store||{{tag|shop|discount}}
|-
|do_it_yourself_store||{{tag|shop|doityourself}}
|-
|drone_store||
|-
|duty_free_shop||
|-
|educational_supply_store||{{tag|shop|stationery}}
|-
|electronics||{{tag|shop|electronics}}
|-
|farmers_market||
|-
|firework_retailer||
|-
|fitness_exercise_equipment||{{tag|shop|sports}}
|-
|flea_market||{{tag|amenity|marketplace}}
|-
|flower_markets||{{tag|shop|florist}}
|-
|gemstone_and_mineral||
|-
|gold_buyer||
|-
|guitar_store||{{tag|shop|musical_instrument}} {{tag|musical_instrument|guitar}}
|-
|gun_and_ammo||{{tag|shop|gun}}
|-
|herbal_shop||{{tag|shop|herbalist}}
|-
|audio_visual_equipment_store||{{tag|shop|electronics}}
|-
|hobby_shop||
|-
|home_theatre_systems_stores||
|-
|horse_equipment_shop||
|-
|international_grocery_store||{{tag|shop|supermarket}} {{tag|cuisine|international}}
|-
|jewelry_store||{{tag|shop|jewelry}}
|-
|knitting_supply||
|-
|livestock_feed_and_supply_store||
|-
|luggage_store||{{tag|shop|luggage}}
|-
|market_stall||{{tag|shop|kiosk}}
|-
|military_surplus_store||
|-
|mobile_phone_accessories||
|-
|mobile_phone_store||{{tag|shop|mobile_phone}}
|-
|musical_instrument_store||{{tag|shop|musical_instrument}}
|-
|night_market||{{tag|amenity|marketplace}}
|-
|office_equipment||{{tag|shop|stationery}}
|-
|online_shop||
|-
|outlet_store||
|-
|packing_supply||
|-
|pawn_shop||{{tag|shop|pawnbroker}}
|-
|pen_store||{{tag|shop|stationery}}
|-
|perfume_store||
|-
|personal_shopper||
|-
|photography_store_and_services||
|-
|piano_store||
|-
|pool_and_billiards||{{tag|leisure|sports_centre}} {{tag|sport|pool;billiards}}
|-
|pop_up_shop||
|-
|props||
|-
|public_market||{{tag|amenity|marketplace}}
|-
|religious_items||
|-
|rental_kiosks||
|-
|safe_store||
|-
|safety_equipment||
|-
|shopping_center||{{tag|shop|mall}}
|-
|shopping_passage||
|-
|souvenir_shop||{{tag|shop|gift}}
|-
|spiritual_shop||
|-
|supermarket||{{tag|shop|supermarket}}
|-
|superstore||{{tag|shop|supermarket}}
|-
|tabletop_games||
|-
|thrift_store||{{tag|shop|second_hand}}
|-
|tobacco_shop||{{tag|shop|tobacco}}
|-
|toy_store||{{tag|shop|toys}}
|-
|trophy_shop||
|-
|uniform_store||{{tag|shop|clothes}} {{tag|clothes|workwear}}
|-
|used_bookstore||{{tag|shop|books}} {{tag|second_hand|only}}
|-
|e_cigarette_store||{{tag|shop|tobacco}}
|-
|vitamins_and_supplements||
|-
|watch_store||{{tag|shop|watches}}
|-
|wholesale_store||{{tag|shop|wholesale}}
|-
|wig_store||
|-
|sporting_goods||{{tag|shop|sports}}
|-
|archery_shop||{{tag|shop|sports}} {{tag|sport|archery}}
|-
|bicycle_shop||{{tag|shop|bicycle}}
|-
|dive_shop||{{tag|shop|scuba_diving}}
|-
|golf_equipment||{{tag|shop|sports}} {{tag|sport|golf}}
|-
|hockey_equipment||{{tag|shop|sports}} {{tag|sport|hockey}}
|-
|hunting_and_fishing_supplies||{{tag|shop|hunting;fishing}}
|-
|outdoor_gear||{{tag|shop|outdoor}}
|-
|skate_shop||{{tag|shop|sports}} {{tag|sport|skateboard}}
|-
|ski_and_snowboard_shop||{{tag|shop|sports}} {{tag|sport|skiing}}
|-
|sports_wear||{{tag|shop|clothes}} {{tag|clothes|sports_wear}}
|-
|dance_wear||{{tag|shop|sports}} {{tag|sport|dance}}
|-
|surf_shop||{{tag|shop|sports}} {{tag|sport|surfing}}
|-
|swimwear_store||{{tag|shop|clothes}} {{tag|clothes|swimwear}}
|-
|tire_shop||{{tag|shop|tyres}}
|-
|tire_repair_shop||{{tag|shop|car_repair}}
|-
|health_and_medical||{{tag|healthcare|yes}}
|-
|abuse_and_addiction_treatment||{{tag|healthcare|counselling}} {{tag|healthcare:counselling|addiction}}
|-
|alcohol_and_drug_treatment_centers||{{tag|amenity|clinic}} {{tag|healthcare|clinic}} {{tag|healthcare:speciality|substance_abuse}}
|-
|crisis_intervention_services||{{tag|amenity|social_facility}} {{tag|social_facility|crisis_intervention_services}}
|-
|eating_disorder_treatment_centers||
|-
|counseling_and_mental_health||{{tag|healthcare|psychotherapist}}
|-
|family_counselor||{{tag|healthcare|counselling}} {{tag|healthcare:counselling|family}}
|-
|marriage_or_relationship_counselor||
|-
|psychoanalyst||{{tag|healthcare|psychotherapist}}
|-
|psychologist||{{tag|healthcare|psychotherapist}}
|-
|psychotherapist||{{tag|healthcare|psychotherapist}}
|-
|sex_therapist||{{tag|office|therapist}} {{tag|healthcare:speciality|sex_therapist}}
|-
|sophrologist||
|-
|sports_psychologist||{{tag|healthcare|psychotherapist}} {{tag|healthcare:speciality|sports_psychology}}
|-
|stress_management_services||{{tag|healthcare|therapist}} {{tag|healthcare:speciality|stress_management}}
|-
|suicide_prevention_services||{{tag|healthcare|counselling}} {{tag|healthcare:speciality|suicide_prevention}}
|-
|dental_hygienist||
|-
|mobile_clinic||{{tag|amenity|clinic}}
|-
|storefront_clinic||
|-
|dentist||{{tag|amenity|dentist}}
|-
|cosmetic_dentist||{{tag|amenity|dentist}} {{tag|healthcare|dentist}} {{tag|healthcare:speciality|cosmetic_dentistry}}
|-
|endodontist||{{tag|healthcare|doctor}} {{tag|healthcare:speciality|endodontics}}
|-
|general_dentistry||{{tag|amenity|dentist}}
|-
|oral_surgeon||{{tag|healthcare|surgeon}} {{tag|healthcare:speciality|oral_surgery}}
|-
|orthodontist||{{tag|healthcare|dentist}} {{tag|healthcare:speciality|orthodontics}}
|-
|pediatric_dentist||{{tag|amenity|dentist}} {{tag|dentist.speciality|pediatric}}
|-
|periodontist||{{tag|healthcare|dentist}} {{tag|amenity|dentist}} {{tag|healthcare:speciality|periodontics}}
|-
|diagnostic_services||{{tag|amenity|clinic}} {{tag|healthcare:speciality|diagnostic_services}}
|-
|diagnostic_imaging||{{tag|amenity|doctors}} {{tag|healthcare|doctor}} {{tag|healthcare:speciality|radiology}}
|-
|laboratory_testing||{{tag|healthcare|laboratory}}
|-
|doctor||{{tag|amenity|doctors}}
|-
|allergist||{{tag|healthcare|doctor}} {{tag|healthcare:speciality|allergist}}
|-
|anesthesiologist||{{tag|healthcare|doctor}} {{tag|healthcare:speciality|anesthesiology}}
|-
|audiologist||{{tag|healthcare|audiologist}}
|-
|cardiologist||{{tag|healthcare|doctor}} {{tag|healthcare:speciality|cardiology}}
|-
|cosmetic_surgeon||{{tag|healthcare|doctor}} {{tag|healthcare:speciality|cosmetic_surgery}}
|-
|dermatologist||{{tag|healthcare|doctor}} {{tag|healthcare:speciality|dermatology}}
|-
|ear_nose_and_throat||{{tag|healthcare|doctor}} {{tag|healthcare:speciality|ear_nose_and_throat}}
|-
|emergency_medicine||{{tag|amenity|doctors}} {{tag|healthcare|doctor}} {{tag|emergency|yes}}
|-
|endocrinologist||{{tag|healthcare|doctor}} {{tag|healthcare:speciality|endocrinology}}
|-
|endoscopist||{{tag|healthcare|doctor}} {{tag|healthcare:speciality|endoscopy}}
|-
|family_practice||{{tag|amenity|clinic}} {{tag|healthcare|clinic}} {{tag|healthcare:speciality|family_practice}}
|-
|fertility||{{tag|amenity|clinic}} {{tag|healthcare|clinic}} {{tag|healthcare:speciality|fertility}}
|-
|gastroenterologist||{{tag|healthcare|doctor}} {{tag|healthcare:speciality|gastroenterology}}
|-
|geneticist||{{tag|healthcare:speciality|genetics}}
|-
|gerontologist||{{tag|healthcare|doctor}} {{tag|healthcare:speciality|gerontology}}
|-
|hepatologist||{{tag|healthcare|doctor}} {{tag|healthcare:speciality|hepatology}}
|-
|homeopathic_medicine||
|-
|hospitalist||{{tag|amenity|hospital}}
|-
|immunodermatologist||{{tag|healthcare|doctor}} {{tag|healthcare:speciality|immunodermatology}}
|-
|infectious_disease_specialist||{{tag|healthcare|doctor}} {{tag|healthcare:speciality|infectious_diseases}}
|-
|naturopathic_holistic||{{tag|healthcare|alternative}} {{tag|healthcare:speciality|naturopathy}}
|-
|nephrologist||{{tag|healthcare|doctor}} {{tag|healthcare:speciality|nephrology}}
|-
|neurologist||{{tag|healthcare|doctor}} {{tag|healthcare:speciality|neurology}}
|-
|neurotologist||{{tag|healthcare|doctor}} {{tag|healthcare:speciality|neurotology}}
|-
|neuropathologist||{{tag|healthcare|doctor}} {{tag|healthcare:speciality|neuropathology}}
|-
|obstetrician_and_gynecologist||{{tag|healthcare|doctor}} {{tag|healthcare:speciality|obstetrics_gynecology}}
|-
|oncologist||{{tag|healthcare|doctor}} {{tag|healthcare:speciality|oncology}}
|-
|orthopedist||{{tag|healthcare|doctor}} {{tag|healthcare:speciality|orthopedics}}
|-
|osteopathic_physician||{{tag|healthcare|doctor}} {{tag|healthcare:speciality|osteopathic_physician}}
|-
|otologist||{{tag|healthcare|doctor}} {{tag|healthcare:speciality|otolology}}
|-
|pain_management||{{tag|healthcare|doctor}} {{tag|healthcare:speciality|pain_management}}
|-
|pathologist||
|-
|phlebologist||{{tag|healthcare|doctor}} {{tag|healthcare:speciality|phlebology}}
|-
|physician_assistant||
|-
|plastic_surgeon||{{tag|healthcare|doctor}} {{tag|healthcare:speciality|plastic_surgery}}
|-
|podiatrist||{{tag|healthcare|podiatrist}}
|-
|preventive_medicine||{{tag|healthcare|doctor}} {{tag|healthcare:speciality|preventive}}
|-
|proctologist||{{tag|healthcare|doctor}} {{tag|healthcare:speciality|proctology}}
|-
|pulmonologist||{{tag|healthcare|doctor}} {{tag|healthcare:speciality|pulmonology}}
|-
|radiologist||{{tag|healthcare|radiologist}}
|-
|rheumatologist||{{tag|healthcare|doctor}} {{tag|healthcare:speciality|rheumatology}}
|-
|spine_surgeon||{{tag|healthcare|doctor}} {{tag|healthcare:speciality|spinal_surgery}}
|-
|sports_medicine||{{tag|healthcare|sports}}
|-
|tattoo_removal||
|-
|toxicologist||{{tag|healthcare|doctor}} {{tag|healthcare:speciality|toxicology}}
|-
|tropical_medicine||
|-
|undersea_hyperbaric_medicine||
|-
|urologist||{{tag|healthcare|doctor}} {{tag|healthcare:speciality|urology}}
|-
|vascular_medicine||{{tag|healthcare|doctor}} {{tag|healthcare:speciality|vascular}}
|-
|geriatric_medicine||{{tag|healthcare|doctor}} {{tag|healthcare:speciality|geriatric}}
|-
|geriatric_psychiatry||{{tag|healthcare|psychiatrist}} {{tag|healthcare:speciality|geriatric_psychiatry}}
|-
|abortion_clinic||{{tag|amenity|clinic}} {{tag|healthcare|clinic}} {{tag|healthcare:speciality|abortion}}
|-
|acupuncture||{{tag|healthcare|alternative}} {{tag|healthcare:speciality|acupuncture}}
|-
|aesthetician||{{tag|shop|beauty}}
|-
|alcohol_and_drug_treatment_center||{{tag|healthcare|addiction}}
|-
|alternative_medicine||
|-
|ambulance_and_ems_services||
|-
|animal_assisted_therapy||
|-
|assisted_living_facility||{{tag|amenity|social_facility}} {{tag|social_facility|assisted_living}}
|-
|ayurveda||{{tag|healthcare|alternative}} {{tag|healthcare:speciality|ayurveda}}
|-
|behavior_analyst||{{tag|office|therapist}} {{tag|therapist|behavioral}}
|-
|blood_and_plasma_donation_center||
|-
|body_contouring||{{tag|shop|beauty}} {{tag|beauty|contouring}}
|-
|cancer_treatment_center||
|-
|cannabis_clinic||
|-
|cannabis_collective||{{tag|shop|cannabis}}
|-
|childrens_hospital||{{tag|healthcare|hospital}} {{tag|healthcare:speciality|paediatrics}}
|-
|chiropractor||{{tag|healthcare|alternative}} {{tag|healthcare:speciality|chiropractic}}
|-
|colonics||
|-
|community_health_center||{{tag|amenity|clinic}}
|-
|concierge_medicine||
|-
|cryotherapy||{{tag|healthcare|cryotherapy}}
|-
|dialysis_clinic||{{tag|amenity|clinic}} {{tag|healthcare|dialysis}}
|-
|dietitian||
|-
|doula||
|-
|emergency_room||{{tag|emergency|emergency_ward_entrance}} {{tag|entrance|yes}}
|-
|environmental_medicine||{{tag|healthcare|doctor}} {{tag|healthcare:speciality|environmental}}
|-
|eye_care_clinic||{{tag|amenity|clinic}} {{tag|healthcare|optometrist}}
|-
|float_spa||{{tag|amenity|spa}}
|-
|halfway_house||{{tag|amenity|social_facility}} {{tag|social_facility|group_home}}
|-
|halotherapy||{{tag|healthcare:speciality|halotherapy}}
|-
|health_and_wellness_club||{{tag|leisure|fitness_centre}}
|-
|health_coach||
|-
|health_department||{{tag|office|government}} {{tag|government|health_department}}
|-
|health_insurance_office||{{tag|office|insurance}} {{tag|insurance|health}}
|-
|hospice||{{tag|healthcare|hospice}}
|-
|hospital||{{tag|amenity|hospital}}
|-
|hydrotherapy||{{tag|healthcare|alternative}} {{tag|healthcare:speciality|hydrotherapy}}
|-
|hypnosis_hypnotherapy||
|-
|iv_hydration||
|-
|lactation_services||
|-
|laser_eye_surgery_lasik||{{tag|healthcare|surgery}} {{tag|healthcare:speciality|ophthalmology}} {{tag|ophthalmology:laser_surgery|yes}}
|-
|lice_treatment||
|-
|massage_therapy||{{tag|shop|massage}}
|-
|maternity_centers||{{tag|amenity|clinic}} {{tag|healthcare|doctor}} {{tag|healthcare:speciality|obstetrics}}
|-
|medical_cannabis_referral||
|-
|medical_service_organizations||
|-
|medical_transportation||
|-
|memory_care||
|-
|midwife||{{tag|healthcare|midwife}}
|-
|nurse_practitioner||
|-
|nutritionist||
|-
|occupational_medicine||{{tag|healthcare|doctor}} {{tag|healthcare:speciality|occupational}}
|-
|occupational_therapy||{{tag|healthcare|occupational_therapist}} {{tag|healthcare:speciality|orthodonticslist}}
|-
|optometrist||{{tag|healthcare|optometrist}}
|-
|organ_and_tissue_donor_service||
|-
|orthotics||
|-
|oxygen_bar||
|-
|paternity_tests_and_services||
|-
|physical_therapy||{{tag|healthcare|physiotherapist}}
|-
|placenta_encapsulation_service||
|-
|podiatry||{{tag|amenity|doctors}} {{tag|healthcare:speciality|podiatry}}
|-
|prenatal_perinatal_care||{{tag|healthcare|prenatal_perinatal_care}}
|-
|prosthetics||
|-
|prosthodontist||{{tag|healthcare|dentist}} {{tag|amenity|dentist}} {{tag|healthcare:speciality|prosthodontics}}
|-
|psychomotor_therapist||
|-
|public_health_clinic||{{tag|amenity|clinic}}
|-
|reflexology||{{tag|healthcare|alternative}} {{tag|healthcare:speciality|reflexology}}
|-
|reiki||
|-
|sauna||{{tag|leisure|sauna}}
|-
|skilled_nursing||
|-
|sleep_specialist||{{tag|healthcare|doctor}} {{tag|healthcare:speciality|sleep_specialist}}
|-
|speech_therapist||{{tag|healthcare|speech_therapist}}
|-
|sperm_clinic||
|-
|surgical_center||{{tag|amenity|hospital}} {{tag|healthcare:speciality|surgery}}
|-
|ultrasound_imaging_center||
|-
|urgent_care_clinic||{{tag|amenity|clinic}} {{tag|healthcare|clinic}} {{tag|emergency|yes}}
|-
|weight_loss_center||
|-
|wellness_program||
|-
|women's_health_clinic||{{tag|amenity|clinic}} {{tag|healthcare|clinic}} {{tag|healthcare:speciality|women}}
|-
|internal_medicine||{{tag|healthcare|doctor}} {{tag|healthcare:speciality|internal}}
|-
|hematology||{{tag|healthcare|laboratory}} {{tag|healthcare:speciality|hematology}}
|-
|medical_center||{{tag|amenity|clinic}}
|-
|bulk_billing||
|-
|osteopath||
|-
|walk_in_clinic||{{tag|amenity|clinic}}
|-
|ophthalmologist||
|-
|retina_specialist||
|-
|pediatrician||{{tag|amenity|doctors}} {{tag|healthcare:speciality|pediatric}}
|-
|pediatric_anesthesiology||{{tag|healthcare|doctor}} {{tag|healthcare:speciality|anesthesiology}}
|-
|pediatric_cardiology||{{tag|healthcare|doctor}} {{tag|healthcare:speciality|paediatric_cardiology}}
|-
|pediatric_endocrinology||{{tag|healthcare|doctor}} {{tag|healthcare:speciality|pediatric_endocrinology}}
|-
|pediatric_gastroenterology||{{tag|healthcare|doctor}} {{tag|healthcare:speciality|pediatric_gastroenterology}}
|-
|pediatric_infectious_disease||{{tag|healthcare|doctor}} {{tag|healthcare:speciality|pediatric_infectious_disease}}
|-
|pediatric_nephrology||{{tag|healthcare|doctor}} {{tag|healthcare:speciality|pediatric_nephrology}}
|-
|pediatric_neurology||{{tag|healthcare|doctor}} {{tag|healthcare:speciality|pediatric_neurology}}
|-
|pediatric_oncology||{{tag|healthcare|doctor}} {{tag|healthcare:speciality|pediatric_oncology}}
|-
|pediatric_orthopedic_surgery||{{tag|healthcare|doctor}} {{tag|healthcare:speciality|pediatric_orthopedic_surgery}}
|-
|pediatric_pulmonology||{{tag|healthcare|doctor}} {{tag|healthcare:speciality|pediatric_pulmonology}}
|-
|pediatric_radiology||{{tag|healthcare|doctor}} {{tag|healthcare:speciality|paediatric_radiology}}
|-
|pediatric_surgery||{{tag|healthcare|doctor}} {{tag|healthcare:speciality|pediatric_surgery}}
|-
|personal_care_service||
|-
|home_health_care||
|-
|psychiatrist||{{tag|amenity|doctors}} {{tag|healthcare:speciality|psychiatry}}
|-
|child_psychiatrist||
|-
|rehabilitation_center||
|-
|addiction_rehabilitation_center||
|-
|surgeon||{{tag|amenity|doctors}} {{tag|healthcare|doctor}} {{tag|healthcare:speciality|surgery}}
|-
|cardiovascular_and_thoracic_surgeon||
|-
|traditional_chinese_medicine||{{tag|healthcare|alternative}} {{tag|healthcare:speciality|traditional_chinese}}
|-
|tui_na||
|-
|pets||{{tag|shop|pet}}
|-
|pet_services||
|-
|animal_hospital||{{tag|amenity|veterinary}}
|-
|animal_physical_therapy||{{tag|amenity|veterinary}} {{tag|veterinary|physiotherapist}}
|-
|aquarium_services||
|-
|dog_walkers||
|-
|emergency_pet_hospital||{{tag|amenity|veterinary}} {{tag|emergency|yes}}
|-
|farrier_services||
|-
|holistic_animal_care||
|-
|pet_breeder||
|-
|pet_cemetery_and_crematorium_services||{{tag|amenity|crematorium}} {{tag|landuse|cemetery}}
|-
|pet_groomer||{{tag|shop|pet_grooming}}
|-
|pet_hospice||
|-
|pet_insurance||{{tag|office|insurance}} {{tag|insurance|pet}}
|-
|pet_photography||
|-
|pet_sitting||{{tag|amenity|animal_boarding}}
|-
|pet_transportation||
|-
|pet_waste_removal||
|-
|pet_boarding||{{tag|amenity|animal_boarding}}
|-
|pet_training||{{tag|amenity|animal_training}}
|-
|dog_trainer||{{tag|amenity|animal_training}} {{tag|animal_training|dog}}
|-
|horse_trainer||{{tag|amenity|animal_training}} {{tag|animal_training|horse}}
|-
|animal_rescue_service||{{tag|amenity|animal_shelter}}
|-
|animal_shelter||{{tag|amenity|animal_shelter}}
|-
|horse_boarding||{{tag|amenity|animal_boarding}} {{tag|animal_boarding|horse}}
|-
|pet_adoption||{{tag|amenity|animal_shelter}}
|-
|veterinarian||{{tag|amenity|veterinary}}
|-
|business_to_business||{{tag|office|yes}}
|-
|business||
|-
|travel_company||
|-
|ferry_boat_company||
|-
|airline||{{tag|office|airline}}
|-
|food_beverage_service_distribution||
|-
|bottled_water_company||
|-
|tobacco_company||{{tag|shop|tobacco}}
|-
|clothing_company||
|-
|bags_luggage_company||
|-
|hotel_supply_service||
|-
|commercial_industrial||
|-
|inventory_control_service||
|-
|industrial_company||
|-
|automation_services||
|-
|occupational_safety||{{tag|amenity|social_facility}} {{tag|social_facility|occupational_safety}}
|-
|b2b_agriculture_and_food||
|-
|agricultural_service||
|-
|agricultural_cooperatives||
|-
|agriculture||{{tag|landuse|farmland}}
|-
|agricultural_engineering_service||
|-
|apiaries_and_beekeepers||{{tag|craft|beekeeper}}
|-
|b2b_dairies||{{tag|shop|wholesale}} {{tag|wholesale|dairy}}
|-
|b2b_food_products||{{tag|shop|wholesale}} {{tag|wolesale|food}}
|-
|fish_farms_and_hatcheries||
|-
|fish_farm||
|-
|livestock_breeder||
|-
|livestock_dealers||
|-
|poultry_farming||
|-
|b2b_farming||
|-
|b2b_farms||
|-
|pig_farm||
|-
|dairy_farm||
|-
|urban_farm||
|-
|farming_services||
|-
|farm_equipment_and_supply||
|-
|fertilizer_store||
|-
|grain_elevators||
|-
|greenhouses||
|-
|irrigation_companies||
|-
|crops_production||
|-
|grain_production||
|-
|orchards_production||
|-
|business_manufacturing_and_supply||
|-
|mattress_manufacturing||
|-
|glass_manufacturer||{{tag|man_made|works}} {{tag|product|glass}}
|-
|appliance_manufacturer||
|-
|aircraft_manufacturer||{{tag|man_made|works}} {{tag|product|aircraft}}
|-
|b2b_autos_and_vehicles||
|-
|auto_manufacturers_and_distributors||{{tag|man_made|works}} {{tag|product|car}}
|-
|b2b_tires||
|-
|b2b_furniture_and_housewares||
|-
|furniture_manufacturers||{{tag|man_made|works}} {{tag|product|furniture}}
|-
|furniture_wholesalers||{{tag|shop|furniture}}
|-
|b2b_machinery_and_tools||
|-
|b2b_equipment_maintenance_and_repair||
|-
|industrial_equipment||
|-
|abrasives_supplier||
|-
|aggregate_supplier||
|-
|aluminum_supplier||{{tag|shop|wholesale}} {{tag|wholesale|aluminum}}
|-
|b2b_apparel||
|-
|b2b_electronic_equipment||{{tag|shop|electronics}}
|-
|b2b_hardware||
|-
|b2b_jewelers||
|-
|b2b_rubber_and_plastics||
|-
|plastic_company||
|-
|plastic_manufacturer||{{tag|man_made|works}} {{tag|product|plastic}}
|-
|b2b_sporting_and_recreation_goods||
|-
|b2b_textiles||
|-
|battery_inverter_supplier||
|-
|bearing_supplier||
|-
|casting_molding_and_machining||
|-
|cement_supplier||
|-
|chemical_plant||
|-
|cleaning_products_supplier||
|-
|cosmetic_products_manufacturer||{{tag|man_made|works}} {{tag|product|cosmetics}}
|-
|drinking_water_dispenser||{{tag|amenity|drinking_water}}
|-
|fastener_supplier||
|-
|granite_supplier||
|-
|hvac_supplier||{{tag|shop|trade}} {{tag|trade|hvac}}
|-
|jewelry_and_watches_manufacturer||
|-
|jewelry_manufacturer||{{tag|man_made|works}} {{tag|product|jewelry}}
|-
|leather_products_manufacturer||{{tag|man_made|works}} {{tag|product|leather}}
|-
|lighting_fixture_manufacturers||{{tag|man_made|works}} {{tag|product|lighting_fixture}}
|-
|pipe_supplier||{{tag|shop|wholesale}} {{tag|wholesale|pipes}}
|-
|plastic_fabrication_company||{{tag|man_made|works}} {{tag|product|plastic}}
|-
|plastic_injection_molding_workshop||
|-
|printing_equipment_and_supply||{{tag|shop|copyshop}}
|-
|retaining_wall_supplier||
|-
|sand_and_gravel_supplier||{{tag|shop|wholesale}} {{tag|wholesale|sand_and_gravel}}
|-
|scale_supplier||
|-
|seal_and_hanko_dealers||
|-
|shoe_factory||{{tag|man_made|works}} {{tag|product|shoes}}
|-
|spring_supplier||
|-
|stone_supplier||
|-
|turnery||{{tag|craft|carpenter}}
|-
|window_supplier||
|-
|metals||
|-
|metal_supplier||
|-
|metal_plating_service||
|-
|metal_fabricator||
|-
|iron_and_steel_industry||
|-
|iron_work||
|-
|scrap_metals||{{tag|industrial|scrap_yard}} {{tag|landuse|industrial}}
|-
|sheet_metal||
|-
|steel_fabricators||
|-
|mills||
|-
|cotton_mill||{{tag|man_made|works}} {{tag|product|cotton}}
|-
|flour_mill||
|-
|paper_mill||
|-
|rice_mill||
|-
|saw_mill||
|-
|textile_mill||{{tag|man_made|works}} {{tag|product|textile}}
|-
|weaving_mill||
|-
|wood_and_pulp||{{tag|man_made|works}} {{tag|product|wood_and_pulp}}
|-
|logging_equipment_and_supplies||
|-
|logging_services||
|-
|logging_contractor||
|-
|b2b_medical_support_services||
|-
|biotechnology_company||
|-
|clinical_laboratories||
|-
|dental_laboratories||
|-
|hospital_equipment_and_supplies||
|-
|medical_research_and_development||
|-
|pharmaceutical_companies||
|-
|surgical_appliances_and_supplies||
|-
|b2b_science_and_technology||
|-
|b2b_scientific_equipment||
|-
|research_institute||{{tag|amenity|research_institute}}
|-
|scientific_laboratories||
|-
|business_advertising||
|-
|business_signage||
|-
|direct_mail_advertising||
|-
|marketing_consultant||
|-
|newspaper_advertising||
|-
|outdoor_advertising||
|-
|promotional_products_and_services||
|-
|publicity_service||
|-
|radio_and_television_commercials||
|-
|telemarketing_services||
|-
|business_equipment_and_supply||
|-
|beauty_product_supplier||
|-
|beverage_supplier||
|-
|business_office_supplies_and_stationery||
|-
|electronic_parts_supplier||
|-
|energy_equipment_and_solution||
|-
|hydraulic_equipment_supplier||
|-
|laboratory_equipment_supplier||
|-
|thread_supplier||
|-
|vending_machine_supplier||
|-
|water_softening_equipment_supplier||
|-
|wholesaler||
|-
|wholesale_grocer||
|-
|spices_wholesaler||
|-
|computer_wholesaler||
|-
|electrical_wholesaler||
|-
|fabric_wholesaler||{{tag|shop|wholesale}} {{tag|wholesale|fabric}}
|-
|fitness_equipment_wholesaler||
|-
|fmcg_wholesaler||
|-
|footwear_wholesaler||
|-
|greengrocer||{{tag|shop|greengrocer}}
|-
|industrial_spares_and_products_wholesaler||
|-
|iron_and_steel_store||
|-
|lingerie_wholesaler||
|-
|meat_wholesaler||
|-
|optical_wholesaler||
|-
|pharmaceutical_products_wholesaler||{{tag|shop|wholesale}} {{tag|wholesale|pharmaceuticals}}
|-
|produce_wholesaler||
|-
|seafood_wholesaler||
|-
|tea_wholesaler||
|-
|threads_and_yarns_wholesaler||
|-
|tools_wholesaler||
|-
|wholesale_florist||
|-
|wine_wholesaler||{{tag|shop|wholesale}} {{tag|wholesale|wine}}
|-
|restaurant_wholesale||
|-
|restaurant_equipment_and_supply||
|-
|business_storage_and_transportation||
|-
|motor_freight_trucking||
|-
|pipeline_transportation||
|-
|railroad_freight||{{tag|office|logistics}}
|-
|b2b_storage_and_warehouses||
|-
|warehouse_rental_services_and_yards||
|-
|warehouses||{{tag|building|warehouse}}
|-
|freight_and_cargo_service||{{tag|office|logistics}}
|-
|distribution_services||{{tag|office|logistics}}
|-
|freight_forwarding_agency||{{tag|office|logistics}}
|-
|trucks_and_industrial_vehicles||
|-
|b2b_forklift_dealers||
|-
|b2b_tractor_dealers||
|-
|b2b_truck_equipment_parts_and_accessories||
|-
|truck_dealer_for_businesses||
|-
|truck_repair_and_services_for_businesses||
|-
|business_to_business_services||
|-
|agricultural_production||
|-
|audio_visual_production_and_design||
|-
|boat_builder||
|-
|business_records_storage_and_management||
|-
|coworking_space||{{tag|amenity|coworking_space}}
|-
|domestic_business_and_trade_organizations||
|-
|human_resource_services||
|-
|information_technology_company||{{tag|office|it}}
|-
|laser_cutting_service_provider||
|-
|telecommunications_company||{{tag|office|telecommunication}}
|-
|tower_communication_service||
|-
|transcription_services||
|-
|translating_and_interpreting_services||
|-
|consultant_and_general_service||
|-
|food_consultant||
|-
|business_management_services||
|-
|executive_search_consultants||
|-
|manufacturing_and_industrial_consultant||
|-
|secretarial_services||
|-
|manufacturers_agents_and_representatives||
|-
|environmental_and_ecological_services_for_businesses||
|-
|b2b_cleaning_and_waste_management||
|-
|water_treatment_equipment_and_services||
|-
|energy_management_and_conservation_consultants||
|-
|environmental_conservation_and_ecological_organizations||
|-
|environmental_renewable_natural_resource||
|-
|forestry_consultants||
|-
|geological_services||
|-
|food_and_beverage_exporter||
|-
|background_check_services||
|-
|international_business_and_trade_services||
|-
|importer_and_exporter||
|-
|exporters||{{tag|office|export}}
|-
|importers||{{tag|office|importer}}
|-
|restaurant_management||
|-
|b2b_energy_mining||
|-
|mining||{{tag|landuse|industrial}} {{tag|industrial|mine}}
|-
|coal_and_coke||{{tag|industrial|mine}}
|-
|quarries||{{tag|landuse|quarry}}
|-
|oil_and_gas||
|-
|b2b_oil_and_gas_extraction_and_services||
|-
|oil_and_gas_exploration_and_development||
|-
|oil_and_gas_field_equipment_and_services||
|-
|oil_refiners||{{tag|industrial|refinery}}
|-
|power_plants_and_power_plant_service||
|-
|public_service_and_government||{{tag|office|yes}}
|-
|energy_company||
|-
|electric_utility_provider||
|-
|public_utility_company||
|-
|law_enforcement||{{tag|amenity|police}}
|-
|organization||
|-
|agriculture_association||
|-
|environmental_conservation_organization||
|-
|home_organization||
|-
|labor_union||
|-
|non_governmental_association||{{tag|office|ngo}}
|-
|political_organization||
|-
|private_association||
|-
|public_and_government_association||{{tag|office|yes}}
|-
|social_service_organizations||
|-
|charity_organization||{{tag|office|charity}}
|-
|food_banks||{{tag|amenity|social_facility}} {{tag|social_facility|food_bank}}
|-
|foster_care_services||
|-
|gay_and_lesbian_services_organization||
|-
|homeless_shelter||{{tag|amenity|social_facility}} {{tag|social_facility|shelter}} {{tag|social_facility:for|homeless}}
|-
|housing_authorities||
|-
|senior_citizen_services||
|-
|social_and_human_services||
|-
|social_welfare_center||
|-
|volunteer_association||
|-
|child_protection_service||
|-
|youth_organizations||
|-
|community_services_non_profits||{{tag|amenity|community_centre}}
|-
|disability_services_and_support_organization||
|-
|government_services||{{tag|office|government}}
|-
|social_security_services||
|-
|jail_and_prison||{{tag|amenity|prison}}
|-
|juvenile_detention_center||{{tag|amenity|prison}}
|-
|post_office||{{tag|amenity|post_office}}
|-
|shipping_collection_services||{{tag|amenity|post_office}}
|-
|public_toilet||{{tag|amenity|toilets}} {{tag|access|yes}}
|-
|armed_forces_branch||
|-
|central_government_office||{{tag|office|government}}
|-
|chambers_of_commerce||
|-
|children_hall||{{tag|amenity|childcare}}
|-
|civic_center||{{tag|amenity|community_centre}}
|-
|community_center||{{tag|amenity|community_centre}}
|-
|courthouse||{{tag|amenity|courthouse}}
|-
|department_of_motor_vehicles||{{tag|office|government}} {{tag|government|transportation}}
|-
|department_of_social_service||
|-
|embassy||{{tag|office|diplomatic}} {{tag|diplomatic|embassy}}
|-
|family_service_center||
|-
|federal_government_offices||{{tag|office|government}}
|-
|fire_department||{{tag|amenity|fire_station}}
|-
|immigration_and_naturalization||
|-
|library||{{tag|amenity|library}}
|-
|local_and_state_government_offices||
|-
|low_income_housing||
|-
|national_security_services||
|-
|office_of_vital_records||
|-
|pension||
|-
|police_department||{{tag|amenity|police}}
|-
|political_party_office||
|-
|railway_service||
|-
|registry_office||
|-
|retirement_home||{{tag|amenity|social_facility}} {{tag|social_facility|assisted_living}} {{tag|social_facility:for|senior_citizen}}
|-
|scout_hall||{{tag|amenity|social_facility}} {{tag|social_facility:for|scouts}}
|-
|tax_office||
|-
|town_hall||{{tag|amenity|townhall}}
|-
|unemployment_office||
|-
|weather_station||{{tag|man_made|monitoring_station}} {{tag|monitoring:weather|yes}}
|-
|religious_organization||{{tag|amenity|place_of_worship}}
|-
|church_cathedral||{{tag|amenity|place_of_worship}} {{tag|religion|christian}}
|-
|anglican_church||{{tag|amenity|place_of_worship}} {{tag|religion|christian}} {{tag|denomination|anglican}}
|-
|baptist_church||{{tag|amenity|place_of_worship}} {{tag|religion|christian}} {{tag|denomination|baptist}}
|-
|catholic_church||{{tag|amenity|place_of_worship}} {{tag|religion|christian}} {{tag|denomination|catholic}}
|-
|episcopal_church||{{tag|amenity|place_of_worship}} {{tag|religion|christian}} {{tag|denomination|episcopal}}
|-
|evangelical_church||{{tag|amenity|place_of_worship}} {{tag|religion|christian}} {{tag|denomination|evangelical}}
|-
|jehovahs_witness_kingdom_hall||{{tag|amenity|place_of_worship}} {{tag|religion|jehovahs_witness}}
|-
|pentecostal_church||{{tag|amenity|place_of_worship}} {{tag|religion|christian}} {{tag|denomination|pentecostal}}
|-
|mission||
|-
|buddhist_temple||{{tag|amenity|place_of_worship}} {{tag|religion|buddhist}}
|-
|convents_and_monasteries||{{tag|amenity|monastery}}
|-
|hindu_temple||{{tag|amenity|place_of_worship}} {{tag|religion|hindu}}
|-
|mosque||{{tag|amenity|place_of_worship}} {{tag|religion|muslim}}
|-
|religious_destination||{{tag|tourism|attraction}} {{tag|amenity|place_of_worship}}
|-
|shinto_shrines||{{tag|amenity|place_of_worship}} {{tag|religion|shinto}}
|-
|sikh_temple||{{tag|amenity|place_of_worship}} {{tag|religion|sikh}}
|-
|synagogue||{{tag|amenity|place_of_worship}} {{tag|religion|jewish}}
|-
|temple||{{tag|amenity|place_of_worship}}
|-
|real_estate||{{tag|office|estate_agent}}
|-
|real_estate_investment||{{tag|office|estate_agent}}
|-
|builders||
|-
|home_developer||
|-
|apartments||{{tag|building|apartments}}
|-
|art_space_rental||
|-
|commercial_real_estate||{{tag|office|real_estate}}
|-
|condominium||{{tag|building|apartments}}
|-
|display_home_center||
|-
|estate_liquidation||
|-
|holiday_park||
|-
|home_staging||
|-
|homeowner_association||
|-
|housing_cooperative||
|-
|kitchen_incubator||
|-
|mobile_home_dealer||
|-
|mobile_home_park||
|-
|mortgage_broker||
|-
|property_management||{{tag|office|property_management}}
|-
|shared_office_space||
|-
|university_housing||
|-
|real_estate_agent||{{tag|office|estate_agent}}
|-
|apartment_agent||
|-
|real_estate_service||
|-
|escrow_services||
|-
|land_surveying||
|-
|real_estate_photography||
|-
|rental_services||{{tag|shop|rental}}
|-
|travel||
|-
|airport||{{tag|aeroway|aerodrome}}
|-
|airport_terminal||{{tag|aeroway|terminal}}
|-
|balloon_ports||
|-
|domestic_airports||{{tag|aeroway|aerodrome}} {{tag|aerodrome:type|regional}}
|-
|gliderports||
|-
|heliports||{{tag|aeroway|heliport}}
|-
|major_airports||{{tag|aeroway|aerodrome}} {{tag|aerodrome:type|international}}
|-
|seaplane_bases||
|-
|ultralight_airports||
|-
|travel_services||
|-
|passport_and_visa_services||
|-
|visa_agent||
|-
|travel_agents||{{tag|shop|travel_agency}}
|-
|sightseeing_tour_agency||
|-
|luggage_storage||
|-
|visitor_center||{{tag|tourism|information}} {{tag|information|visitor_centre}}
|-
|road_structures_and_services||
|-
|rest_areas||{{tag|highway|services}}
|-
|toll_stations||{{tag|barrier|toll_booth}}
|-
|tours||
|-
|aerial_tours||
|-
|architectural_tours||
|-
|art_tours||
|-
|beer_tours||
|-
|bike_tours||
|-
|boat_tours||
|-
|bus_tours||
|-
|cannabis_tour||
|-
|food_tours||
|-
|historical_tours||
|-
|scooter_tours||
|-
|walking_tours||
|-
|whale_watching_tours||
|-
|wine_tours||
|-
|transportation||
|-
|trains||
|-
|train_station||{{tag|railway|station}} {{tag|public_transport|station}}
|-
|airlines||
|-
|airport_shuttles||
|-
|bicycle_sharing_location||{{tag|amenity|bicycle_rental}}
|-
|bike_parking||{{tag|amenity|bicycle_parking}}
|-
|bike_sharing||{{tag|amenity|bicycle_rental}}
|-
|bus_service||
|-
|bus_station||{{tag|amenity|bus_station}} {{tag|public_transport|station}}
|-
|cable_car_service||
|-
|car_sharing||{{tag|amenity|car_sharing}}
|-
|coach_bus||
|-
|ferry_service||
|-
|light_rail_and_subway_stations||{{tag|railway|station}} {{tag|public_transport|station}}
|-
|limo_services||
|-
|metro_station||{{tag|railway|station}} {{tag|public_transport|station}}
|-
|motorcycle_parking||{{tag|amenity|motorcycle_parking}}
|-
|park_and_rides||
|-
|parking||{{tag|amenity|parking}}
|-
|pedicab_service||
|-
|private_jet_charters||
|-
|public_transportation||
|-
|ride_sharing||
|-
|taxi_rank||
|-
|taxi_service||
|-
|town_car_service||
|-
|transport_interchange||
|-
|water_taxi||
|-
|agriturismo||
|-
|airline_ticket_agency||
|-
|bus_ticket_agency||
|-
|rental_service||{{tag|shop|rental}}
|-
|car_rental_agency||{{tag|amenity|car_rental}}
|-
|motorcycle_rentals||{{tag|shop|rental}} {{tag|rental|motorcycle}}
|-
|rv_rentals||{{tag|shop|rental}} {{tag|rental|rv}}
|-
|trailer_rentals||{{tag|shop|rental}} {{tag|rental|trailer}}
|-
|truck_rentals||{{tag|shop|rental}} {{tag|rental|truck}}
|-
|country_house||
|-
|houseboat||
|-
|railway_ticket_agent||
|-
|rest_stop||{{tag|highway|services}}
|-
|ryokan||
|-
|self_catering_accommodation||
|-
|ski_resort||
|-
|vacation_rental_agents||
|-
|mass_media||
|-
|print_media||
|-
|media_critic||
|-
|movie_critic||
|-
|music_critic||
|-
|video_game_critic||
|-
|media_news_company||
|-
|media_agency||
|-
|radio_station||
|-
|television_station||
|-
|weather_forecast_services||
|-
|animation_studio||
|-
|book_magazine_distribution||
|-
|broadcasting_media_production||{{tag|office|media}}
|-
|game_publisher||
|-
|movie_television_studio||
|-
|music_production||
|-
|topic_publisher||
|-
|social_media_company||
|-
|media_news_website||
|-
|media_restoration_service||
|-
|art_restoration||
|-
|theatrical_productions||
|-
|home_service||{{tag|craft|yes}}
|-
|ceiling_and_roofing_repair_and_service||
|-
|ceiling_service||
|-
|roofing||{{tag|craft|roofer}}
|-
|chimney_service||{{tag|craft|chimney_sweeper}}
|-
|chimney_sweep||{{tag|craft|chimney_sweeper}}
|-
|contractor||
|-
|altering_and_remodeling_contractor||
|-
|building_contractor||
|-
|flooring_contractors||{{tag|craft|floorer}}
|-
|paving_contractor||
|-
|damage_restoration||
|-
|fire_and_water_damage_restoration||
|-
|artificial_turf||
|-
|bathroom_remodeling||
|-
|bathtub_and_sink_repairs||
|-
|cabinet_sales_service||
|-
|carpenter||{{tag|craft|carpenter}}
|-
|carpet_cleaning||
|-
|carpet_installation||
|-
|childproofing||
|-
|closet_remodeling||
|-
|countertop_installation||
|-
|deck_and_railing_sales_service||
|-
|demolition_service||
|-
|door_sales_service||
|-
|drywall_services||
|-
|electrician||{{tag|craft|electrician}}
|-
|excavation_service||
|-
|exterior_design||
|-
|fence_and_gate_sales_service||
|-
|fire_protection_service||
|-
|fireplace_service||
|-
|firewood||
|-
|foundation_repair||
|-
|furniture_assembly||
|-
|garage_door_service||
|-
|glass_and_mirror_sales_service||
|-
|grout_service||
|-
|gutter_service||
|-
|handyman||
|-
|holiday_decorating||
|-
|home_automation||
|-
|home_cleaning||
|-
|home_energy_auditor||
|-
|home_inspector||
|-
|home_network_installation||
|-
|home_security||
|-
|home_window_tinting||
|-
|house_sitting||
|-
|hvac_services||
|-
|insulation_installation||{{tag|craft|insulation}}
|-
|interior_design||
|-
|irrigation||
|-
|key_and_locksmith||{{tag|shop|locksmith}}
|-
|kitchen_remodeling||
|-
|lighting_fixtures_and_equipment||
|-
|masonry_concrete||
|-
|mobile_home_repair||
|-
|movers||
|-
|packing_services||
|-
|painting||{{tag|craft|painter}}
|-
|patio_covers||
|-
|plasterer||{{tag|craft|plasterer}}
|-
|pool_and_hot_tub_services||
|-
|pool_cleaning||
|-
|pressure_washing||
|-
|refinishing_services||
|-
|security_systems||
|-
|shades_and_blinds||
|-
|shutters||
|-
|siding||
|-
|solar_installation||
|-
|solar_panel_cleaning||
|-
|structural_engineer||
|-
|stucco_services||
|-
|television_service_providers||
|-
|tiling||{{tag|craft|tiler}}
|-
|wallpaper_installers||
|-
|washer_and_dryer_repair_service||
|-
|water_heater_installation_repair||
|-
|water_purification_services||
|-
|waterproofing||
|-
|window_washing||
|-
|landscaping||{{tag|craft|gardener}}
|-
|gardener||{{tag|craft|gardener}}
|-
|landscape_architect||{{tag|craft|gardener}}
|-
|lawn_service||{{tag|craft|gardener}}
|-
|tree_services||{{tag|craft|arborist}}
|-
|plumbing||{{tag|craft|plumber}}
|-
|backflow_services||
|-
|windows_installation||
|-
|skylight_installation||
|-
|professional_services||{{tag|craft|yes}}
|-
|cleaning_services||
|-
|industrial_cleaning_services||
|-
|janitorial_services||
|-
|office_cleaning||
|-
|construction_services||
|-
|blueprinters||
|-
|construction_management||
|-
|inspection_services||
|-
|road_contractor||
|-
|wind_energy||
|-
|engineering_services||
|-
|civil_engineers||
|-
|instrumentation_engineers||
|-
|mechanical_engineers||
|-
|metal_materials_and_experts||
|-
|blacksmiths||
|-
|ironworkers||
|-
|welders||{{tag|craft|welder}}
|-
|stone_and_masonry||{{tag|craft|stonemason}}
|-
|gravel_professionals||
|-
|lime_professionals||
|-
|marble_and_granite_professionals||
|-
|masonry_contractors||{{tag|craft|stonemason}}
|-
|lawyer||{{tag|office|lawyer}}
|-
|estate_planning_law||{{tag|office|lawyer}} {{tag|lawyer|estate_planning}}
|-
|wills_trusts_and_probate||
|-
|appellate_practice_lawyers||
|-
|bankruptcy_law||{{tag|office|lawyer}} {{tag|lawyer|bankruptcy}}
|-
|business_law||{{tag|office|lawyer}} {{tag|lawyer|business}}
|-
|civil_rights_lawyers||
|-
|contract_law||{{tag|office|lawyer}} {{tag|lawyer|contract}}
|-
|criminal_defense_law||{{tag|office|lawyer}} {{tag|lawyer|criminal_defense}}
|-
|disability_law||{{tag|office|lawyer}} {{tag|lawyer|disability}}
|-
|divorce_and_family_law||{{tag|office|lawyer}} {{tag|lawyer|divorce_and_family}}
|-
|dui_law||{{tag|office|lawyer}} {{tag|lawyer|dui}}
|-
|employment_law||{{tag|office|lawyer}} {{tag|lawyer|employment}}
|-
|entertainment_law||{{tag|office|lawyer}} {{tag|lawyer|entertainment}}
|-
|general_litigation||
|-
|immigration_law||{{tag|office|lawyer}} {{tag|lawyer|immigration}}
|-
|ip_and_internet_law||{{tag|office|lawyer}} {{tag|lawyer|ip_and_internet}}
|-
|medical_law||{{tag|office|lawyer}} {{tag|lawyer|medical}}
|-
|paralegal_services||
|-
|personal_injury_law||{{tag|office|lawyer}} {{tag|lawyer|personal_injury}}
|-
|real_estate_law||{{tag|office|lawyer}} {{tag|lawyer|real_estate}}
|-
|social_security_law||{{tag|office|lawyer}} {{tag|lawyer|social_security}}
|-
|tax_law||{{tag|office|tax_advisor}}
|-
|traffic_ticketing_law||{{tag|office|lawyer}} {{tag|lawyer|traffic_ticketing}}
|-
|workers_compensation_law||{{tag|office|lawyer}} {{tag|lawyer|workers_compensation}}
|-
|event_planning||
|-
|balloon_services||
|-
|bartender||
|-
|boat_charter||
|-
|caricature||
|-
|caterer||{{tag|craft|caterer}}
|-
|clown||
|-
|dj_service||
|-
|event_technology_service||
|-
|face_painting||
|-
|floral_designer||
|-
|game_truck_rental||
|-
|golf_cart_rental||
|-
|henna_artist||
|-
|kids_recreation_and_party||
|-
|magician||
|-
|mohel||
|-
|musician||
|-
|officiating_services||
|-
|party_and_event_planning||
|-
|party_bike_rental||
|-
|party_bus_rental||
|-
|party_character||
|-
|personal_chef||
|-
|photo_booth_rental||
|-
|silent_disco||
|-
|sommelier_service||
|-
|team_building_activity||
|-
|trivia_host||
|-
|valet_service||
|-
|venue_and_event_space||
|-
|videographer||
|-
|wedding_chapel||
|-
|wedding_planning||
|-
|party_equipment_rental||
|-
|audiovisual_equipment_rental||
|-
|bounce_house_rental||
|-
|karaoke_rental||
|-
|photographer||{{tag|craft|photographer}}
|-
|boudoir_photography||
|-
|event_photography||
|-
|session_photography||{{tag|craft|photographer}}
|-
|funeral_services_and_cemeteries||{{tag|amenity|funeral_hall}}
|-
|cremation_services||{{tag|amenity|crematorium}}
|-
|mortuary_services||{{tag|amenity|mortuary}}
|-
|internet_service_provider||
|-
|web_hosting_service||
|-
|it_service_and_computer_repair||
|-
|data_recovery||
|-
|it_consultant||
|-
|it_support_snd_service||
|-
|mobile_phone_repair||
|-
|telecommunications||
|-
|junk_removal_and_hauling||
|-
|dumpster_rentals||
|-
|laundry_services||{{tag|shop|laundry}}
|-
|dry_cleaning||{{tag|shop|laundry}} {{tag|dry_cleaning|yes}}
|-
|laundromat||{{tag|shop|laundry}}
|-
|legal_services||
|-
|court_reporter||
|-
|process_servers||
|-
|musical_instrument_services||
|-
|piano_services||
|-
|vocal_coach||
|-
|3d_printing_service||
|-
|acoustical_consultant||
|-
|adoption_services||
|-
|advertising_agency||{{tag|office|advertising_agency}}
|-
|copywriting_service||
|-
|internet_marketing_service||
|-
|merchandising_service||
|-
|social_media_agency||
|-
|after_school_program||
|-
|bank_equipment_service||
|-
|air_duct_cleaning_service||
|-
|antenna_service||
|-
|appliance_repair_service||
|-
|appraisal_services||
|-
|architect||{{tag|office|architect}}
|-
|architectural_designer||{{tag|office|architect}}
|-
|art_restoration_service||
|-
|awning_supplier||
|-
|bail_bonds_service||{{tag|office|bail_bond_agent}}
|-
|bike_repair_maintenance||{{tag|service:bicycle:repair|yes}}
|-
|billing_services||
|-
|bookbinding||
|-
|bookkeeper||
|-
|bus_rentals||
|-
|business_consulting||
|-
|calligraphy||
|-
|car_broker||{{tag|shop|car}}
|-
|career_counseling||
|-
|carpet_dyeing||
|-
|cemeteries||
|-
|certification_agency||
|-
|child_care_and_day_care||
|-
|day_care_preschool||{{tag|amenity|school}}
|-
|clock_repair_service||
|-
|commercial_printer||
|-
|commercial_refrigeration||
|-
|commissioned_artist||
|-
|community_book_boxes||
|-
|community_gardens||
|-
|computer_hardware_company||{{tag|shop|computer}}
|-
|courier_and_delivery_services||
|-
|crane_services||
|-
|customs_broker||
|-
|delegated_driver_service||
|-
|diamond_dealer||
|-
|digitizing_services||
|-
|donation_center||
|-
|duplication_services||
|-
|e_commerce_service||
|-
|editorial_services||
|-
|elder_care_planning||
|-
|electrical_consultant||
|-
|electronics_repair_shop||{{tag|craft|electronics_repair}}
|-
|elevator_service||
|-
|emergency_service||
|-
|employment_agencies||
|-
|temp_agency||
|-
|engraving||
|-
|environmental_abatement_services||
|-
|environmental_testing||
|-
|farm_equipment_repair_service||
|-
|feng_shui||
|-
|fingerprinting_service||
|-
|food_and_beverage_consultant||
|-
|forestry_service||
|-
|fortune_telling_service||
|-
|furniture_rental_service||
|-
|furniture_repair||
|-
|furniture_reupholstery||
|-
|genealogists||
|-
|generator_installation_repair||
|-
|goldsmith||
|-
|graphic_designer||
|-
|gunsmith||
|-
|hazardous_waste_disposal||
|-
|hydraulic_repair_service||
|-
|hydro_jetting||
|-
|ice_supplier||
|-
|immigration_assistance_services||
|-
|indoor_landscaping||
|-
|jewelry_repair_service||
|-
|junkyard||{{tag|industrial|scrap_yard}}
|-
|knife_sharpening||
|-
|laboratory||
|-
|lawn_mower_repair_service||
|-
|life_coach||
|-
|lottery_ticket||
|-
|machine_and_tool_rentals||{{tag|shop|rental}} {{tag|rental|machines}}
|-
|machine_shop||
|-
|mailbox_center||
|-
|marketing_agency||
|-
|matchmaker||
|-
|mediator||
|-
|metal_detector_services||
|-
|misting_system_services||
|-
|mobility_equipment_services||
|-
|mooring_service||
|-
|music_production_services||
|-
|nanny_services||
|-
|notary_public||{{tag|office|lawyer}} {{tag|lawyer|notary}}
|-
|package_locker||
|-
|packaging_contractors_and_service||
|-
|patent_law||{{tag|office|lawyer}} {{tag|lawyer|patent}}
|-
|payroll_services||
|-
|personal_assistant||
|-
|pest_control_service||
|-
|powder_coating_service||
|-
|printing_services||
|-
|private_investigation||
|-
|product_design||
|-
|propane_supplier||
|-
|public_adjuster||
|-
|public_relations||
|-
|record_label||
|-
|recording_and_rehearsal_studio||
|-
|recycling_center||
|-
|sandblasting_service||
|-
|screen_printing_t_shirt_printing||
|-
|security_services||
|-
|septic_services||
|-
|shipping_center||{{tag|amenity|post_office}}
|-
|shoe_repair||{{tag|shop|shoe_repair}}
|-
|shoe_shining_service||
|-
|shredding_services||
|-
|sign_making||
|-
|snow_removal_service||
|-
|snuggle_service||
|-
|software_development||{{tag|office|software}}
|-
|talent_agency||
|-
|taxidermist||
|-
|telephone_services||
|-
|tenant_and_eviction_law||{{tag|office|lawyer}} {{tag|lawyer|tenant_and_eviction}}
|-
|tent_house_supplier||
|-
|translation_services||
|-
|tv_mounting||
|-
|typing_services||
|-
|video_film_production||
|-
|watch_repair_service||
|-
|water_delivery||
|-
|web_designer||
|-
|well_drilling||
|-
|wildlife_control||
|-
|writing_service||
|-
|storage_facility||
|-
|rv_and_boat_storage_facility||
|-
|boat_storage_facility||
|-
|rv_storage_facility||
|-
|self_storage_facility||{{tag|shop|storage_rental}}
|-
|sewing_and_alterations||
|-
|gents_tailor||
|-
|utility_service||
|-
|electricity_supplier||
|-
|garbage_collection_service||
|-
|natural_gas_supplier||
|-
|public_phones||{{tag|amenity|telephone}}
|-
|public_restrooms||{{tag|amenity|toilets}} {{tag|access|yes}}
|-
|water_supplier||
|-
|structure_and_geography||{{tag|place|yes}}
|-
|bridge||{{tag|man_made|bridge}}
|-
|canal||{{tag|waterway|canal}}
|-
|dam||{{tag|waterway|dam}}
|-
|desert||{{tag|natural|desert}}
|-
|forest||{{tag|natural|wood}}
|-
|geologic_formation||
|-
|island||{{tag|place|island}}
|-
|mountain||{{tag|natural|peak}}
|-
|natural_hot_springs||
|-
|nature_reserve||{{tag|leisure|nature_reserve}}
|-
|pier||{{tag|man_made|pier}}
|-
|public_plaza||{{tag|place|square}}
|-
|quay||{{tag|man_made|quay}}
|-
|river||{{tag|waterway|river}}
|-
|skyscraper||{{tag|building|yes}}
|-
|tower||{{tag|man_made|tower}}
|-
|weir||{{tag|waterway|weir}}
|}

[[Category:Overture Maps]]